,URL,Phishing,Protocol Risk,SubDomain Count,TLD Length,URL Length,?,-,%,=,@,!,^,&,#,Digit Count,Content Length,Redirects,Frames,IFrames,Tags
0,http://1000079070780875564.my.id,1,1,3,2,5,0,0,0,0,0,0,0,0,0,18,7644,1,0,0,20
1,http://32806-932hu36797379379.duckdns.org,1,1,3,3,5,0,0,0,0,0,0,0,0,0,15,1236,1,0,0,14
2,http://asad.com,1,1,2,3,5,0,0,0,0,0,0,0,0,0,0,16654,3,0,0,83
3,http://bxxvvnlkhf.duckdns.org,1,1,3,3,5,0,0,0,0,0,0,0,0,0,0,0,0,0,0,0
4,http://byokheaynl.duckdns.org,1,1,3,3,5,0,0,0,0,0,0,0,0,0,0,0,0,0,0,0
5,http://bywtspfbyw.duckdns.org,1,1,3,3,5,0,0,0,0,0,0,0,0,0,0,0,0,0,0,0
6,http://byxwusqgln.duckdns.org,1,1,3,3,5,0,0,0,0,0,0,0,0,0,0,0,0,0,0,0
7,http://cabzywlkmk.duckdns.org,1,1,3,3,5,0,0,0,0,0,0,0,0,0,0,0,0,0,0,0
8,http://cayxurheaz.duckdns.org,1,1,3,3,5,0,0,0,0,0,0,0,0,0,0,0,0,0,0,0
9,http://ceemary.duckdns.org,1,1,3,3,5,0,0,0,0,0,0,0,0,0,0,1236,1,0,0,14
10,http://come.to,1,1,2,2,5,0,0,0,0,0,0,0,0,0,0,39620,22,0,1,238
11,http://e-proximus.weebly.com,1,1,3,3,5,0,0,0,0,0,0,0,0,0,0,3909,2,0,0,21
12,http://flowcode.com,1,1,2,3,5,0,0,0,0,0,0,0,0,0,0,168478,131,0,1,1536
13,http://inicio-cresol.ubpages.com,1,1,3,3,5,0,0,0,0,0,0,0,0,0,0,47,0,0,0,0
14,http://intldrive-mationaccept65621561.io.vn,1,1,3,2,5,0,0,0,0,0,0,0,0,0,8,4599,0,0,0,12
15,http://joganglapa2090kalam.duckdns.org,1,1,3,3,5,0,0,0,0,0,0,0,0,0,3,1236,1,0,0,14
16,http://kolakja3720nama.duckdns.org,1,1,3,3,5,0,0,0,0,0,0,0,0,0,4,1236,1,0,0,14
17,http://meta-mask-restore.webflow.io,1,1,3,2,5,0,0,0,0,0,0,0,0,0,0,908,0,0,0,17
18,http://signinattyahooacct.weeblysite.com,1,1,3,3,5,0,0,0,0,0,0,0,0,0,0,1568,1,0,0,10
19,http://site9613444.92.webydo.com,1,1,4,3,5,0,0,0,0,0,0,0,0,0,7,263,0,0,0,6
20,http://www.mathcancer.org,1,1,3,3,5,0,0,0,0,0,0,0,0,0,0,4948,22,0,1,72
21,https://007168-00.000webhostapp.com,1,1,3,3,6,0,0,0,0,0,0,0,0,0,11,20474,6,0,0,54
22,https://1005247841525-890.000webhostapp.com,1,1,3,3,6,0,0,0,0,0,0,0,0,0,18,20474,6,0,0,54
23,https://34f4d70d-e9ec-4641-ba34-e1f4b8d0533e.id.repl.co,1,1,4,2,6,0,0,0,0,0,0,0,0,0,18,6771,1,0,0,36
24,https://5895785--polar01.repl.co,1,1,3,2,6,0,0,0,0,0,0,0,0,0,8,6771,1,0,0,36
25,https://717932.fattura-electronica.com,1,1,3,3,6,0,0,0,0,0,0,0,0,0,5,5641,1,0,0,46
26,https://717932.fattura-electronica.com,1,1,3,3,6,0,0,0,0,0,0,0,0,0,5,5641,1,0,0,46
27,https://717932.fattura-electronica.com,1,1,3,3,6,0,0,0,0,0,0,0,0,0,5,5641,1,0,0,46
28,https://about.google,0,1,2,6,6,0,0,0,0,0,0,0,0,0,0,70897,51,0,1,402
29,https://accounts.google.co.in,0,1,4,2,6,0,0,0,0,0,0,0,0,0,0,597341,6,0,0,171
30,https://accounts.google.com,0,1,3,3,6,0,0,0,0,0,0,0,0,0,0,597642,6,0,0,171
31,https://accounts.google.com,0,1,3,3,6,0,0,0,0,0,0,0,0,0,0,583941,6,0,0,171
32,https://ad.doubleclick.net,0,1,3,3,6,0,0,0,0,0,0,0,0,0,0,124693,85,0,1,834
33,https://addons-pa.clients6.google.com,0,1,4,3,6,0,0,0,0,0,0,0,0,0,1,1642,1,0,0,13
34,https://admin.codingninjas.com,0,1,3,3,6,0,0,0,0,0,0,0,0,0,0,20569,0,0,1,67
35,https://ads-manage-protect.github.io,1,1,3,2,6,0,0,0,0,0,0,0,0,0,0,9115,5,0,0,21
36,https://ads-manage-protect.github.io,1,1,3,2,6,0,0,0,0,0,0,0,0,0,0,9115,5,0,0,21
37,https://adservice.google.com,0,1,3,3,6,0,0,0,0,0,0,0,0,0,0,1561,1,0,0,13
38,https://aiflyingreturns.b2clogin.com,0,1,3,3,6,0,0,0,0,0,0,0,0,0,1,103,0,0,0,0
39,https://alvarotrigo.com,0,1,2,3,6,0,0,0,0,0,0,0,0,0,0,318,0,0,0,7
40,https://amazon.com,0,1,2,3,6,0,0,0,0,0,0,0,0,0,0,2671,3,0,0,22
41,https://amazontrust.com,0,1,2,3,6,0,0,0,0,0,0,0,0,0,0,1988,5,0,0,39
42,https://analytics.google.com,0,1,3,3,6,0,0,0,0,0,0,0,0,0,0,888,0,0,0,7
43,https://api.msn.com,0,1,3,3,6,0,0,0,0,0,0,0,0,0,0,974,0,0,0,12
44,https://apis.google.com,0,1,3,3,6,0,0,0,0,0,0,0,0,0,0,176328,203,0,0,994
45,https://app-measurement.com,0,1,2,3,6,0,0,0,0,0,0,0,0,0,0,1561,1,0,0,13
46,https://apple.com,0,1,2,3,6,0,0,0,0,0,0,0,0,0,0,243101,113,0,0,757
47,https://apps.google.com,0,1,3,3,6,0,0,0,0,0,0,0,0,0,0,191965,295,0,0,1145
48,https://archive.nptel.ac.in,0,1,4,2,6,0,0,0,0,0,0,0,0,0,0,37517,26,0,0,183
49,https://aresspointsid.pluse.cc,1,1,3,2,6,0,0,0,0,0,0,0,0,0,0,4535,1,0,0,45
50,https://assets.msn.com,0,1,3,3,6,0,0,0,0,0,0,0,0,0,0,10,0,0,0,0
51,https://att-104666-105821.square.site,1,1,3,4,6,0,0,0,0,0,0,0,0,0,12,1568,1,0,0,10
52,https://att-login-screen-8a8b38.webflow.io,1,1,3,2,6,0,0,0,0,0,0,0,0,0,4,908,0,0,0,17
53,https://att-mail-101062.weeblysite.com,1,1,3,3,6,0,0,0,0,0,0,0,0,0,6,1568,1,0,0,10
54,https://att-mail-102008.weeblysite.com,1,1,3,3,6,0,0,0,0,0,0,0,0,0,6,1568,1,0,0,10
55,https://att-mail-102135.weeblysite.com,1,1,3,3,6,0,0,0,0,0,0,0,0,0,6,1568,1,0,0,10
56,https://att-mail-102242.weeblysite.com,1,1,3,3,6,0,0,0,0,0,0,0,0,0,6,1568,1,0,0,10
57,https://att-mail-102258.weeblysite.com,1,1,3,3,6,0,0,0,0,0,0,0,0,0,6,1568,1,0,0,10
58,https://att-mail-102488.weeblysite.com,1,1,3,3,6,0,0,0,0,0,0,0,0,0,6,1568,1,0,0,10
59,https://att-mail-102543.weeblysite.com,1,1,3,3,6,0,0,0,0,0,0,0,0,0,6,35933,0,0,0,55
60,https://att-mail-102727.weeblysite.com,1,1,3,3,6,0,0,0,0,0,0,0,0,0,6,1568,1,0,0,10
61,https://att-mail-103937.weeblysite.com,1,1,3,3,6,0,0,0,0,0,0,0,0,0,5,1568,1,0,0,10
62,https://att-mail-104520.weeblysite.com,1,1,3,3,6,0,0,0,0,0,0,0,0,0,6,1568,1,0,0,10
63,https://att-mail-104907.square.site,1,1,3,4,6,0,0,0,0,0,0,0,0,0,5,1568,1,0,0,10
64,https://att-mail-104907.weeblysite.com,1,1,3,3,6,0,0,0,0,0,0,0,0,0,5,1568,1,0,0,10
65,https://att-mail-105619.weeblysite.com,1,1,3,3,6,0,0,0,0,0,0,0,0,0,5,1568,1,0,0,10
66,https://att-mail-105705.weeblysite.com,1,1,3,3,6,0,0,0,0,0,0,0,0,0,6,1568,1,0,0,10
67,https://att-mail-106838.weeblysite.com,1,1,3,3,6,0,0,0,0,0,0,0,0,0,6,1568,1,0,0,10
68,https://att-mail-107434.weeblysite.com,1,1,3,3,6,0,0,0,0,0,0,0,0,0,6,1568,1,0,0,10
69,https://att-mail-107515.weeblysite.com,1,1,3,3,6,0,0,0,0,0,0,0,0,0,6,1568,1,0,0,10
70,https://att-mail-108272.weeblysite.com,1,1,3,3,6,0,0,0,0,0,0,0,0,0,6,1568,1,0,0,10
71,https://att-mail-108718.weeblysite.com,1,1,3,3,6,0,0,0,0,0,0,0,0,0,6,1568,1,0,0,10
72,https://att-mail-109445.weeblysite.com,1,1,3,3,6,0,0,0,0,0,0,0,0,0,5,1568,1,0,0,10
73,https://att-mail-109608.weeblysite.com,1,1,3,3,6,0,0,0,0,0,0,0,0,0,5,1568,1,0,0,10
74,https://att-mail-109615.square.site,1,1,3,4,6,0,0,0,0,0,0,0,0,0,5,1568,1,0,0,10
75,https://att-mail-109615.weeblysite.com,1,1,3,3,6,0,0,0,0,0,0,0,0,0,5,1568,1,0,0,10
76,https://attcom-100268.square.site,1,1,3,4,6,0,0,0,0,0,0,0,0,0,6,1568,1,0,0,10
77,https://attcom-100268.weeblysite.com,1,1,3,3,6,0,0,0,0,0,0,0,0,0,6,1568,1,0,0,10
78,https://attcom-100277.weeblysite.com,1,1,3,3,6,0,0,0,0,0,0,0,0,0,6,1568,1,0,0,10
79,https://attcom-100360.weeblysite.com,1,1,3,3,6,0,0,0,0,0,0,0,0,0,6,1568,1,0,0,10
80,https://attcom-100392.square.site,1,1,3,4,6,0,0,0,0,0,0,0,0,0,5,1568,1,0,0,10
81,https://attcom-100392.weeblysite.com,1,1,3,3,6,0,0,0,0,0,0,0,0,0,5,1568,1,0,0,10
82,https://attcom-100744.weeblysite.com,1,1,3,3,6,0,0,0,0,0,0,0,0,0,6,1568,1,0,0,10
83,https://attcom-100777.weeblysite.com,1,1,3,3,6,0,0,0,0,0,0,0,0,0,6,1568,1,0,0,10
84,https://attcom-100942.weeblysite.com,1,1,3,3,6,0,0,0,0,0,0,0,0,0,5,1568,1,0,0,10
85,https://attcom-100973.weeblysite.com,1,1,3,3,6,0,0,0,0,0,0,0,0,0,5,1568,1,0,0,10
86,https://attcom-101179.square.site,1,1,3,4,6,0,0,0,0,0,0,0,0,0,5,1568,1,0,0,10
87,https://attcom-101179.weeblysite.com,1,1,3,3,6,0,0,0,0,0,0,0,0,0,5,1568,1,0,0,10
88,https://attcom-101238.weeblysite.com,1,1,3,3,6,0,0,0,0,0,0,0,0,0,6,1568,1,0,0,10
89,https://attcom-101388.weeblysite.com,1,1,3,3,6,0,0,0,0,0,0,0,0,0,6,1568,1,0,0,10
90,https://attcom-101851.square.site,1,1,3,4,6,0,0,0,0,0,0,0,0,0,6,1568,1,0,0,10
91,https://attcom-101851.weeblysite.com,1,1,3,3,6,0,0,0,0,0,0,0,0,0,6,1568,1,0,0,10
92,https://attcom-101876.square.site,1,1,3,4,6,0,0,0,0,0,0,0,0,0,6,1568,1,0,0,10
93,https://attcom-101876.weeblysite.com,1,1,3,3,6,0,0,0,0,0,0,0,0,0,6,1568,1,0,0,10
94,https://attcom-101891.square.site,1,1,3,4,6,0,0,0,0,0,0,0,0,0,5,1568,1,0,0,10
95,https://attcom-101891.weeblysite.com,1,1,3,3,6,0,0,0,0,0,0,0,0,0,5,1568,1,0,0,10
96,https://attcom-102045.weeblysite.com,1,1,3,3,6,0,0,0,0,0,0,0,0,0,6,1568,1,0,0,10
97,https://attcom-102178.weeblysite.com,1,1,3,3,6,0,0,0,0,0,0,0,0,0,6,1568,1,0,0,10
98,https://attcom-102494.square.site,1,1,3,4,6,0,0,0,0,0,0,0,0,0,5,1568,1,0,0,10
99,https://attcom-102494.weeblysite.com,1,1,3,3,6,0,0,0,0,0,0,0,0,0,5,1568,1,0,0,10
100,https://attcom-102537.square.site,1,1,3,4,6,0,0,0,0,0,0,0,0,0,6,1568,1,0,0,10
101,https://attcom-102537.weeblysite.com,1,1,3,3,6,0,0,0,0,0,0,0,0,0,6,1568,1,0,0,10
102,https://attcom-102592.square.site,1,1,3,4,6,0,0,0,0,0,0,0,0,0,5,1568,1,0,0,10
103,https://attcom-102592.weeblysite.com,1,1,3,3,6,0,0,0,0,0,0,0,0,0,5,1568,1,0,0,10
104,https://attcom-102774.weeblysite.com,1,1,3,3,6,0,0,0,0,0,0,0,0,0,6,1568,1,0,0,10
105,https://attcom-102947.weeblysite.com,1,1,3,3,6,0,0,0,0,0,0,0,0,0,5,1568,1,0,0,10
106,https://attcom-103077.weeblysite.com,1,1,3,3,6,0,0,0,0,0,0,0,0,0,6,1568,1,0,0,10
107,https://attcom-103158.square.site,1,1,3,4,6,0,0,0,0,0,0,0,0,0,6,1568,1,0,0,10
108,https://attcom-103158.weeblysite.com,1,1,3,3,6,0,0,0,0,0,0,0,0,0,6,1568,1,0,0,10
109,https://attcom-103254.square.site,1,1,3,4,6,0,0,0,0,0,0,0,0,0,6,1568,1,0,0,10
110,https://attcom-103254.weeblysite.com,1,1,3,3,6,0,0,0,0,0,0,0,0,0,6,1568,1,0,0,10
111,https://attcom-103363.square.site,1,1,3,4,6,0,0,0,0,0,0,0,0,0,6,1568,1,0,0,10
112,https://attcom-103363.weeblysite.com,1,1,3,3,6,0,0,0,0,0,0,0,0,0,6,1568,1,0,0,10
113,https://attcom-103522.weeblysite.com,1,1,3,3,6,0,0,0,0,0,0,0,0,0,6,1568,1,0,0,10
114,https://attcom-103545.weeblysite.com,1,1,3,3,6,0,0,0,0,0,0,0,0,0,6,1568,1,0,0,10
115,https://attcom-103929.weeblysite.com,1,1,3,3,6,0,0,0,0,0,0,0,0,0,4,1568,1,0,0,10
116,https://attcom-104104.square.site,1,1,3,4,6,0,0,0,0,0,0,0,0,0,6,1568,1,0,0,10
117,https://attcom-104104.weeblysite.com,1,1,3,3,6,0,0,0,0,0,0,0,0,0,6,1568,1,0,0,10
118,https://attcom-104527.weeblysite.com,1,1,3,3,6,0,0,0,0,0,0,0,0,0,6,1568,1,0,0,10
119,https://attcom-104538.weeblysite.com,1,1,3,3,6,0,0,0,0,0,0,0,0,0,6,1568,1,0,0,10
120,https://attcom-104863.weeblysite.com,1,1,3,3,6,0,0,0,0,0,0,0,0,0,6,1568,1,0,0,10
121,https://attcom-104890.square.site,1,1,3,4,6,0,0,0,0,0,0,0,0,0,5,1568,1,0,0,10
122,https://attcom-104890.weeblysite.com,1,1,3,3,6,0,0,0,0,0,0,0,0,0,5,1568,1,0,0,10
123,https://attcom-105042.square.site,1,1,3,4,6,0,0,0,0,0,0,0,0,0,6,1568,1,0,0,10
124,https://attcom-105042.weeblysite.com,1,1,3,3,6,0,0,0,0,0,0,0,0,0,6,1568,1,0,0,10
125,https://attcom-105118.weeblysite.com,1,1,3,3,6,0,0,0,0,0,0,0,0,0,6,1568,1,0,0,10
126,https://attcom-105463.weeblysite.com,1,1,3,3,6,0,0,0,0,0,0,0,0,0,6,1568,1,0,0,10
127,https://attcom-105761.weeblysite.com,1,1,3,3,6,0,0,0,0,0,0,0,0,0,6,35490,0,0,0,55
128,https://attcom-106014.square.site,1,1,3,4,6,0,0,0,0,0,0,0,0,0,6,1568,1,0,0,10
129,https://attcom-106014.weeblysite.com,1,1,3,3,6,0,0,0,0,0,0,0,0,0,6,1568,1,0,0,10
130,https://attcom-106567.weeblysite.com,1,1,3,3,6,0,0,0,0,0,0,0,0,0,6,1568,1,0,0,10
131,https://attcom-106572.weeblysite.com,1,1,3,3,6,0,0,0,0,0,0,0,0,0,6,35081,0,0,0,55
132,https://attcom-106866.square.site,1,1,3,4,6,0,0,0,0,0,0,0,0,0,6,1568,1,0,0,10
133,https://attcom-106866.weeblysite.com,1,1,3,3,6,0,0,0,0,0,0,0,0,0,6,1568,1,0,0,10
134,https://attcom-106889.weeblysite.com,1,1,3,3,6,0,0,0,0,0,0,0,0,0,5,1568,1,0,0,10
135,https://attcom-107137.weeblysite.com,1,1,3,3,6,0,0,0,0,0,0,0,0,0,6,1568,1,0,0,10
136,https://attcom-107180.square.site,1,1,3,4,6,0,0,0,0,0,0,0,0,0,6,1568,1,0,0,10
137,https://attcom-107180.weeblysite.com,1,1,3,3,6,0,0,0,0,0,0,0,0,0,6,1568,1,0,0,10
138,https://attcom-107205.weeblysite.com,1,1,3,3,6,0,0,0,0,0,0,0,0,0,6,1568,1,0,0,10
139,https://attcom-107237.weeblysite.com,1,1,3,3,6,0,0,0,0,0,0,0,0,0,6,35074,0,0,0,55
140,https://attcom-107349.weeblysite.com,1,1,3,3,6,0,0,0,0,0,0,0,0,0,5,1568,1,0,0,10
141,https://attcom-107687.weeblysite.com,1,1,3,3,6,0,0,0,0,0,0,0,0,0,6,1568,1,0,0,10
142,https://attcom-107711.weeblysite.com,1,1,3,3,6,0,0,0,0,0,0,0,0,0,6,1568,1,0,0,10
143,https://attcom-107762.weeblysite.com,1,1,3,3,6,0,0,0,0,0,0,0,0,0,6,1568,1,0,0,10
144,https://attcom-107803.weeblysite.com,1,1,3,3,6,0,0,0,0,0,0,0,0,0,6,1568,1,0,0,10
145,https://attcom-107867.square.site,1,1,3,4,6,0,0,0,0,0,0,0,0,0,6,1568,1,0,0,10
146,https://attcom-107867.weeblysite.com,1,1,3,3,6,0,0,0,0,0,0,0,0,0,6,1568,1,0,0,10
147,https://attcom-107871.square.site,1,1,3,4,6,0,0,0,0,0,0,0,0,0,6,1568,1,0,0,10
148,https://attcom-107871.weeblysite.com,1,1,3,3,6,0,0,0,0,0,0,0,0,0,6,1568,1,0,0,10
149,https://attcom-108046.square.site,1,1,3,4,6,0,0,0,0,0,0,0,0,0,6,1568,1,0,0,10
150,https://attcom-108046.weeblysite.com,1,1,3,3,6,0,0,0,0,0,0,0,0,0,6,1568,1,0,0,10
151,https://attcom-108080.weeblysite.com,1,1,3,3,6,0,0,0,0,0,0,0,0,0,6,1568,1,0,0,10
152,https://attcom-108123.square.site,1,1,3,4,6,0,0,0,0,0,0,0,0,0,6,1568,1,0,0,10
153,https://attcom-108123.weeblysite.com,1,1,3,3,6,0,0,0,0,0,0,0,0,0,6,1568,1,0,0,10
154,https://attcom-108280.weeblysite.com,1,1,3,3,6,0,0,0,0,0,0,0,0,0,6,1568,1,0,0,10
155,https://attcom-108479.weeblysite.com,1,1,3,3,6,0,0,0,0,0,0,0,0,0,5,1568,1,0,0,10
156,https://attcom-108559.square.site,1,1,3,4,6,0,0,0,0,0,0,0,0,0,5,1568,1,0,0,10
157,https://attcom-108559.weeblysite.com,1,1,3,3,6,0,0,0,0,0,0,0,0,0,5,1568,1,0,0,10
158,https://attcom-108560.square.site,1,1,3,4,6,0,0,0,0,0,0,0,0,0,6,1568,1,0,0,10
159,https://attcom-108560.weeblysite.com,1,1,3,3,6,0,0,0,0,0,0,0,0,0,6,1568,1,0,0,10
160,https://attcom-108639.square.site,1,1,3,4,6,0,0,0,0,0,0,0,0,0,5,1568,1,0,0,10
161,https://attcom-108639.weeblysite.com,1,1,3,3,6,0,0,0,0,0,0,0,0,0,5,1568,1,0,0,10
162,https://attcom-108819.square.site,1,1,3,4,6,0,0,0,0,0,0,0,0,0,5,1568,1,0,0,10
163,https://attcom-108819.weeblysite.com,1,1,3,3,6,0,0,0,0,0,0,0,0,0,5,1568,1,0,0,10
164,https://attcom-108881.weeblysite.com,1,1,3,3,6,0,0,0,0,0,0,0,0,0,6,1568,1,0,0,10
165,https://attcom-108888.square.site,1,1,3,4,6,0,0,0,0,0,0,0,0,0,6,1568,1,0,0,10
166,https://attcom-108888.weeblysite.com,1,1,3,3,6,0,0,0,0,0,0,0,0,0,6,1568,1,0,0,10
167,https://attcom-108918.weeblysite.com,1,1,3,3,6,0,0,0,0,0,0,0,0,0,5,1568,1,0,0,10
168,https://attcom-109002.square.site,1,1,3,4,6,0,0,0,0,0,0,0,0,0,5,1568,1,0,0,10
169,https://attcom-109002.weeblysite.com,1,1,3,3,6,0,0,0,0,0,0,0,0,0,5,1568,1,0,0,10
170,https://attcom-109278.weeblysite.com,1,1,3,3,6,0,0,0,0,0,0,0,0,0,5,1568,1,0,0,10
171,https://attcom-109346.square.site,1,1,3,4,6,0,0,0,0,0,0,0,0,0,5,1568,1,0,0,10
172,https://attcom-109346.weeblysite.com,1,1,3,3,6,0,0,0,0,0,0,0,0,0,5,1568,1,0,0,10
173,https://attcom-109433.weeblysite.com,1,1,3,3,6,0,0,0,0,0,0,0,0,0,5,1568,1,0,0,10
174,https://attcom-109545.weeblysite.com,1,1,3,3,6,0,0,0,0,0,0,0,0,0,5,1568,1,0,0,10
175,https://attcom-109907.weeblysite.com,1,1,3,3,6,0,0,0,0,0,0,0,0,0,4,35078,0,0,0,55
176,https://attcom-109970.weeblysite.com,1,1,3,3,6,0,0,0,0,0,0,0,0,0,4,1568,1,0,0,10
177,https://attmailnet4.weeblysite.com,1,1,3,3,6,0,0,0,0,0,0,0,0,0,1,1568,1,0,0,10
178,https://attserviceeupdtt23.weeblysite.com,1,1,3,3,6,0,0,0,0,0,0,0,0,0,2,1568,1,0,0,10
179,https://atxxmailobgd27.weeblysite.com,1,1,3,3,6,0,0,0,0,0,0,0,0,0,2,1568,1,0,0,10
180,https://auth.geeksforgeeks.org,0,1,3,3,6,0,0,0,0,0,0,0,0,0,0,35064,10,0,0,111
181,https://auth0.openai.com,0,1,3,3,6,0,0,0,0,0,0,0,0,0,1,102487,72,0,0,804
182,https://ayumitanaka13.medium.com,0,1,3,3,6,0,0,0,0,0,0,0,0,0,2,183027,120,0,0,1077
183,https://azure.com,0,1,2,3,6,0,0,0,0,0,0,0,0,0,0,815781,500,0,0,4272
184,https://bafybeia5ys4thlu3yl2yywd6xv63bl6npffk5l3piaqqiinrnx5hztf45e.ipfs.cf-ipfs.com,1,1,4,3,6,0,0,0,0,0,0,0,0,0,13,3909946,0,0,0,1
185,https://bafybeia5ys4thlu3yl2yywd6xv63bl6npffk5l3piaqqiinrnx5hztf45e.ipfs.cf-ipfs.com,1,1,4,3,6,0,0,0,0,0,0,0,0,0,13,3909946,0,0,0,1
186,https://bafybeia5ys4thlu3yl2yywd6xv63bl6npffk5l3piaqqiinrnx5hztf45e.ipfs.dweb.link,1,1,4,4,6,0,0,0,0,0,0,0,0,0,13,6672,3,0,0,23
187,https://bafybeia5ys4thlu3yl2yywd6xv63bl6npffk5l3piaqqiinrnx5hztf45e.ipfs.infura-ipfs.io,1,1,4,2,6,0,0,0,0,0,0,0,0,0,13,6672,3,0,0,23
188,https://bafybeia5ys4thlu3yl2yywd6xv63bl6npffk5l3piaqqiinrnx5hztf45e.ipfs.nftstorage.link,1,1,4,4,6,0,0,0,0,0,0,0,0,0,13,0,0,0,0,0
189,https://bafybeia5ys4thlu3yl2yywd6xv63bl6npffk5l3piaqqiinrnx5hztf45e.ipfs.nftstorage.link,1,1,4,4,6,0,0,0,0,0,0,0,0,0,13,0,0,0,0,0
190,https://bafybeia6tei7xvj4efvsjsl3emgib4ryp4lt7wvkr7hvyer2g4e4j5eq5y.ipfs.cf-ipfs.com,1,1,4,3,6,0,0,0,0,0,0,0,0,0,13,263813,0,0,0,44
191,https://bafybeia6tei7xvj4efvsjsl3emgib4ryp4lt7wvkr7hvyer2g4e4j5eq5y.ipfs.cf-ipfs.com,1,1,4,3,6,0,0,0,0,0,0,0,0,0,13,263813,0,0,0,44
192,https://bafybeia6tei7xvj4efvsjsl3emgib4ryp4lt7wvkr7hvyer2g4e4j5eq5y.ipfs.dweb.link,1,1,4,4,6,0,0,0,0,0,0,0,0,0,13,6672,3,0,0,23
193,https://bafybeia6tei7xvj4efvsjsl3emgib4ryp4lt7wvkr7hvyer2g4e4j5eq5y.ipfs.infura-ipfs.io,1,1,4,2,6,0,0,0,0,0,0,0,0,0,13,30,0,0,0,0
194,https://bafybeia6tei7xvj4efvsjsl3emgib4ryp4lt7wvkr7hvyer2g4e4j5eq5y.ipfs.nftstorage.link,1,1,4,4,6,0,0,0,0,0,0,0,0,0,13,0,0,0,0,0
195,https://bafybeiaxefkwayxvz72xw7cycburyobbbu3in5vbeqxpheldla7vs4arii.ipfs.cf-ipfs.com,1,1,4,3,6,0,0,0,0,0,0,0,0,0,7,93837,8,0,0,63
196,https://bafybeibzw43xtsr4mbv66werr4vo4kga5ue7mjk6ett564hdjttlkgegdi.ipfs.cf-ipfs.com,1,1,4,3,6,0,0,0,0,0,0,0,0,0,13,93837,8,0,0,63
197,https://bafybeico7x4u2eb7ld6bpz6fttpn6zfs4kco6txrgijdrnjyhom2mxvmm4.ipfs.nftstorage.link,1,1,4,4,6,0,0,0,0,0,0,0,0,0,11,0,0,0,0,0
198,https://bafybeicpewfngsrp77rmuydmpvqhvtcnkrb4qbrdvv6flrnn3r5sxjyrdu.ipfs.dweb.link,1,1,4,4,6,0,0,0,0,0,0,0,0,0,6,6672,3,0,0,23
199,https://bafybeicpewfngsrp77rmuydmpvqhvtcnkrb4qbrdvv6flrnn3r5sxjyrdu.ipfs.infura-ipfs.io,1,1,4,2,6,0,0,0,0,0,0,0,0,0,6,30,0,0,0,0
200,https://bafybeicpewfngsrp77rmuydmpvqhvtcnkrb4qbrdvv6flrnn3r5sxjyrdu.ipfs.nftstorage.link,1,1,4,4,6,0,0,0,0,0,0,0,0,0,6,4414,2,0,0,43
201,https://bafybeicpewfngsrp77rmuydmpvqhvtcnkrb4qbrdvv6flrnn3r5sxjyrdu.ipfs.nftstorage.link,1,1,4,4,6,0,0,0,0,0,0,0,0,0,6,4414,2,0,0,43
202,https://bafybeidfdtysrl7htd4loekjsjsgut6j3vlro637k4bbccvesmnqurc3rq.ipfs.cf-ipfs.com,1,1,4,3,6,0,0,0,0,0,0,0,0,0,9,4410,0,0,0,13
203,https://bafybeidfdtysrl7htd4loekjsjsgut6j3vlro637k4bbccvesmnqurc3rq.ipfs.dweb.link,1,1,4,4,6,0,0,0,0,0,0,0,0,0,9,6672,3,0,0,23
204,https://bafybeidfdtysrl7htd4loekjsjsgut6j3vlro637k4bbccvesmnqurc3rq.ipfs.infura-ipfs.io,1,1,4,2,6,0,0,0,0,0,0,0,0,0,9,6672,3,0,0,23
205,https://bafybeidfdtysrl7htd4loekjsjsgut6j3vlro637k4bbccvesmnqurc3rq.ipfs.nftstorage.link,1,1,4,4,6,0,0,0,0,0,0,0,0,0,9,0,0,0,0,0
206,https://bafybeidttamvzz2itgji3jlqdpu5wh3cmsaeh4tnzxgj4qhdce2bbafqne.ipfs.dweb.link,1,1,4,4,6,0,0,0,0,0,0,0,0,0,7,6672,3,0,0,23
207,https://bafybeidxxc22ai7itcuqn3hc4yksvs4zak4vmixa7npiedk4huzbzhhmxq.ipfs.cf-ipfs.com,1,1,4,3,6,0,0,0,0,0,0,0,0,0,9,216706,0,0,0,1
208,https://bafybeidxxc22ai7itcuqn3hc4yksvs4zak4vmixa7npiedk4huzbzhhmxq.ipfs.cf-ipfs.com,1,1,4,3,6,0,0,0,0,0,0,0,0,0,9,216706,0,0,0,1
209,https://bafybeidxxc22ai7itcuqn3hc4yksvs4zak4vmixa7npiedk4huzbzhhmxq.ipfs.dweb.link,1,1,4,4,6,0,0,0,0,0,0,0,0,0,9,6672,3,0,0,23
210,https://bafybeidxxc22ai7itcuqn3hc4yksvs4zak4vmixa7npiedk4huzbzhhmxq.ipfs.infura-ipfs.io,1,1,4,2,6,0,0,0,0,0,0,0,0,0,9,6672,3,0,0,23
211,https://bafybeifajch76jr6c7kmwweqrxfgb5q2bpgpy7grzjevseiugvqd4oebvi.ipfs.cf-ipfs.com,1,1,4,3,6,0,0,0,0,0,0,0,0,0,8,37222,0,0,1,50
212,https://bafybeifajch76jr6c7kmwweqrxfgb5q2bpgpy7grzjevseiugvqd4oebvi.ipfs.cf-ipfs.com,1,1,4,3,6,0,0,0,0,0,0,0,0,0,8,37222,0,0,1,50
213,https://bafybeifajch76jr6c7kmwweqrxfgb5q2bpgpy7grzjevseiugvqd4oebvi.ipfs.dweb.link,1,1,4,4,6,0,0,0,0,0,0,0,0,0,8,6672,3,0,0,23
214,https://bafybeifajch76jr6c7kmwweqrxfgb5q2bpgpy7grzjevseiugvqd4oebvi.ipfs.infura-ipfs.io,1,1,4,2,6,0,0,0,0,0,0,0,0,0,8,6672,3,0,0,23
215,https://bafybeifajch76jr6c7kmwweqrxfgb5q2bpgpy7grzjevseiugvqd4oebvi.ipfs.nftstorage.link,1,1,4,4,6,0,0,0,0,0,0,0,0,0,8,0,0,0,0,0
216,https://bafybeifbm3qz6z55kqpjh4j2ew7j7b7b4teovqxib4oq7iqrbocqs4jt6y.ipfs.cf-ipfs.com,1,1,4,3,6,0,0,0,0,0,0,0,0,0,14,93861,8,0,0,63
217,https://bafybeifbm3qz6z55kqpjh4j2ew7j7b7b4teovqxib4oq7iqrbocqs4jt6y.ipfs.nftstorage.link,1,1,4,4,6,0,0,0,0,0,0,0,0,0,14,0,0,0,0,0
218,https://bafybeifccrymqchnzylh6kyimqlr27az6tffikfb4sen2bwzqo23dn2qom.ipfs.cf-ipfs.com,1,1,4,3,6,0,0,0,0,0,0,0,0,0,9,308975,0,0,0,66
219,https://bafybeifccrymqchnzylh6kyimqlr27az6tffikfb4sen2bwzqo23dn2qom.ipfs.cf-ipfs.com,1,1,4,3,6,0,0,0,0,0,0,0,0,0,9,308975,0,0,0,66
220,https://bafybeifccrymqchnzylh6kyimqlr27az6tffikfb4sen2bwzqo23dn2qom.ipfs.dweb.link,1,1,4,4,6,0,0,0,0,0,0,0,0,0,9,6672,3,0,0,23
221,https://bafybeifccrymqchnzylh6kyimqlr27az6tffikfb4sen2bwzqo23dn2qom.ipfs.infura-ipfs.io,1,1,4,2,6,0,0,0,0,0,0,0,0,0,9,6672,3,0,0,23
222,https://bafybeifccrymqchnzylh6kyimqlr27az6tffikfb4sen2bwzqo23dn2qom.ipfs.nftstorage.link,1,1,4,4,6,0,0,0,0,0,0,0,0,0,9,0,0,0,0,0
223,https://bafybeifkibp6myprgkz4couxhdbdsxx2mxvleazxqp5cxipwlmptplga3i.ipfs.dweb.link,1,1,4,4,6,0,0,0,0,0,0,0,0,0,5,6672,3,0,0,23
224,https://bafybeiftaicwvscgfooidxmkcmto3ajdgwotuhcnhzcohsnzpst7j2cgfi.ipfs.cf-ipfs.com,1,1,4,3,6,0,0,0,0,0,0,0,0,0,3,18450,0,0,1,23
225,https://bafybeiftaicwvscgfooidxmkcmto3ajdgwotuhcnhzcohsnzpst7j2cgfi.ipfs.cf-ipfs.com,1,1,4,3,6,0,0,0,0,0,0,0,0,0,3,18450,0,0,1,23
226,https://bafybeiftaicwvscgfooidxmkcmto3ajdgwotuhcnhzcohsnzpst7j2cgfi.ipfs.dweb.link,1,1,4,4,6,0,0,0,0,0,0,0,0,0,3,6672,3,0,0,23
227,https://bafybeiftaicwvscgfooidxmkcmto3ajdgwotuhcnhzcohsnzpst7j2cgfi.ipfs.nftstorage.link,1,1,4,4,6,0,0,0,0,0,0,0,0,0,3,0,0,0,0,0
228,https://bafybeihopyrvatlzxjiz2mgp3mylctabazykzsb3ppdjqqjpuxkzur6sfi.ipfs.cf-ipfs.com,1,1,4,3,6,0,0,0,0,0,0,0,0,0,4,15337,0,0,1,41
229,https://bafybeihopyrvatlzxjiz2mgp3mylctabazykzsb3ppdjqqjpuxkzur6sfi.ipfs.dweb.link,1,1,4,4,6,0,0,0,0,0,0,0,0,0,4,6672,3,0,0,23
230,https://bafybeihopyrvatlzxjiz2mgp3mylctabazykzsb3ppdjqqjpuxkzur6sfi.ipfs.infura-ipfs.io,1,1,4,2,6,0,0,0,0,0,0,0,0,0,4,6672,3,0,0,23
231,https://bafybeihopyrvatlzxjiz2mgp3mylctabazykzsb3ppdjqqjpuxkzur6sfi.ipfs.nftstorage.link,1,1,4,4,6,0,0,0,0,0,0,0,0,0,4,0,0,0,0,0
232,https://bag.itunes.apple.com,0,1,4,3,6,0,0,0,0,0,0,0,0,0,0,0,0,0,0,0
233,https://bard.google.com,0,1,3,3,6,0,0,0,0,0,0,0,0,0,0,931503,4,0,1,86
234,https://beacons.ai,1,1,2,2,6,0,0,0,0,0,0,0,0,0,0,6014,1,0,0,47
235,https://beacons.gcp.gvt2.com,0,1,4,3,6,0,0,0,0,0,0,0,0,0,1,1561,1,0,0,13
236,https://bercadia.net,1,1,2,3,6,0,0,0,0,0,0,0,0,0,0,3,0,0,0,0
237,https://bienlinea.godaddysites.com,1,1,3,3,6,0,0,0,0,0,0,0,0,0,0,964,0,0,0,19
238,https://binary2hex.com,0,1,2,3,6,0,0,0,0,0,0,0,0,0,1,21850,48,0,0,233
239,https://bing.com,0,1,2,3,6,0,0,0,0,0,0,0,0,0,0,5440,7,0,0,60
240,https://blog.cloudflare.com,0,1,3,3,6,0,0,0,0,0,0,0,0,0,0,91777,285,0,1,769
241,https://bogt--justmsi003.repl.co,1,1,3,2,6,0,0,0,0,0,0,0,0,0,3,6771,1,0,0,36
242,https://bolster.ai,0,1,2,2,6,0,0,0,0,0,0,0,0,0,0,139,0,0,0,8
243,https://book.airindia.in,0,1,3,2,6,0,0,0,0,0,0,0,0,0,0,861,0,0,1,9
244,https://book.airvistara.com,0,1,3,3,6,0,0,0,0,0,0,0,0,0,0,859,0,0,1,9
245,https://brainly.in,0,1,2,2,6,0,0,0,0,0,0,0,0,0,0,1039,0,0,0,10
246,https://browser.events.data.microsoft.com,0,1,5,3,6,0,0,0,0,0,0,0,0,0,0,0,0,0,0,0
247,https://browser.pipe.aria.microsoft.com,0,1,5,3,6,0,0,0,0,0,0,0,0,0,0,0,0,0,0,0
248,https://business.bing.com,0,1,3,3,6,0,0,0,0,0,0,0,0,0,0,0,0,0,0,0
249,https://caniphish.com,0,1,2,3,6,0,0,0,0,0,0,0,0,0,0,113937,79,0,1,747
250,https://centrosmistamento.azurewebsites.net,1,1,3,3,6,0,0,0,0,0,0,0,0,0,0,2342,2,0,0,12
251,https://cf-ipfs.com,1,1,2,3,6,0,0,0,0,0,0,0,0,0,0,308174,83,0,0,816
252,https://cf-ipfs.com,1,1,2,3,6,0,0,0,0,0,0,0,0,0,0,308174,83,0,0,816
253,https://cf-ipfs.com,1,1,2,3,6,0,0,0,0,0,0,0,0,0,0,308174,83,0,0,816
254,https://cf-ipfs.com,1,1,2,3,6,0,0,0,0,0,0,0,0,0,0,308174,83,0,0,816
255,https://cf-ipfs.com,1,1,2,3,6,0,0,0,0,0,0,0,0,0,0,308174,83,0,0,816
256,https://cf-ipfs.com,1,1,2,3,6,0,0,0,0,0,0,0,0,0,0,308174,83,0,0,816
257,https://cf-ipfs.com,1,1,2,3,6,0,0,0,0,0,0,0,0,0,0,308174,83,0,0,816
258,https://cf-ipfs.com,1,1,2,3,6,0,0,0,0,0,0,0,0,0,0,308174,83,0,0,816
259,https://cf-ipfs.com,1,1,2,3,6,0,0,0,0,0,0,0,0,0,0,308174,83,0,0,816
260,https://cf-ipfs.com,1,1,2,3,6,0,0,0,0,0,0,0,0,0,0,308174,83,0,0,816
261,https://cf-ipfs.com,1,1,2,3,6,0,0,0,0,0,0,0,0,0,0,308174,83,0,0,816
262,https://chat.openai.com,0,1,3,3,6,0,0,0,0,0,0,0,0,0,0,12218,0,0,0,24
263,https://cheatography.com,0,1,2,3,6,0,0,0,0,0,0,0,0,0,0,68807,225,0,0,894
264,https://chrome.google.com,0,1,3,3,6,0,0,0,0,0,0,0,0,0,0,394590,150,0,1,1675
265,https://classroom.google.com,0,1,3,3,6,0,0,0,0,0,0,0,0,0,0,587056,6,0,0,171
266,https://clients.config.office.net,0,1,4,3,6,0,0,0,0,0,0,0,0,0,0,179,0,0,0,8
267,https://clients2.google.com,0,1,3,3,6,0,0,0,0,0,0,0,0,0,1,1561,1,0,0,13
268,https://clients3.google.com,0,1,3,3,6,0,0,0,0,0,0,0,0,0,1,92,0,0,0,6
269,https://clients4.google.com,0,1,3,3,6,0,0,0,0,0,0,0,0,0,1,1561,1,0,0,13
270,https://clients6.google.com,0,1,3,3,6,0,0,0,0,0,0,0,0,0,1,1561,1,0,0,13
271,https://clientservices.googleapis.com,0,1,3,3,6,0,0,0,0,0,0,0,0,0,0,1561,1,0,0,13
272,https://cloudflare-ipfs.com,1,1,2,3,6,0,0,0,0,0,0,0,0,0,0,308174,83,0,0,816
273,https://cloudflare-ipfs.com,1,1,2,3,6,0,0,0,0,0,0,0,0,0,0,308174,83,0,0,816
274,https://cloudflare-ipfs.com,1,1,2,3,6,0,0,0,0,0,0,0,0,0,0,308174,83,0,0,816
275,https://cloudflare-ipfs.com,1,1,2,3,6,0,0,0,0,0,0,0,0,0,0,308174,83,0,0,816
276,https://cloudflare-ipfs.com,1,1,2,3,6,0,0,0,0,0,0,0,0,0,0,308174,83,0,0,816
277,https://cloudflare-ipfs.com,1,1,2,3,6,0,0,0,0,0,0,0,0,0,0,308174,83,0,0,816
278,https://cloudflare-ipfs.com,1,1,2,3,6,0,0,0,0,0,0,0,0,0,0,308174,83,0,0,816
279,https://cloudflare-ipfs.com,1,1,2,3,6,0,0,0,0,0,0,0,0,0,0,308174,83,0,0,816
280,https://cloudflare-ipfs.com,1,1,2,3,6,0,0,0,0,0,0,0,0,0,0,308174,83,0,0,816
281,https://cloudflare-ipfs.com,1,1,2,3,6,0,0,0,0,0,0,0,0,0,0,308174,83,0,0,816
282,https://cloudflare-ipfs.com,1,1,2,3,6,0,0,0,0,0,0,0,0,0,0,308174,83,0,0,816
283,https://cloudflare-ipfs.com,1,1,2,3,6,0,0,0,0,0,0,0,0,0,0,308174,83,0,0,816
284,https://cloudflare-ipfs.com,1,1,2,3,6,0,0,0,0,0,0,0,0,0,0,308174,83,0,0,816
285,https://cloudflare-ipfs.com,1,1,2,3,6,0,0,0,0,0,0,0,0,0,0,308174,83,0,0,816
286,https://cloudflare-ipfs.com,1,1,2,3,6,0,0,0,0,0,0,0,0,0,0,308174,83,0,0,816
287,https://cloudflare.com,0,1,2,3,6,0,0,0,0,0,0,0,0,0,0,344750,123,0,0,1204
288,https://code.visualstudio.com,0,1,3,3,6,0,0,0,0,0,0,0,0,0,0,50362,100,0,1,505
289,https://codehs.com,0,1,2,3,6,0,0,0,0,0,0,0,0,0,0,244590,295,0,1,1567
290,https://colab.research.google.com,0,1,4,3,6,0,0,0,0,0,0,0,0,0,0,86181,1,0,0,62
291,https://collegedunia.com,0,1,2,3,6,0,0,0,0,0,0,0,0,0,0,919,0,0,0,13
292,https://combinateert.github.io,1,1,3,2,6,0,0,0,0,0,0,0,0,0,0,9115,5,0,0,21
293,https://config.edge.skype.com,0,1,4,3,6,0,0,0,0,0,0,0,0,0,0,194,0,0,0,2
294,https://config.teams.microsoft.com,0,1,4,3,6,0,0,0,0,0,0,0,0,0,0,194,0,0,0,2
295,https://configuration.ls.apple.com,0,1,4,3,6,0,0,0,0,0,0,0,0,0,0,0,0,0,0,0
296,https://connect.facebook.net,0,1,3,3,6,0,0,0,0,0,0,0,0,0,0,69133,46,0,0,194
297,https://consumocliente.azurewebsites.net,1,1,3,3,6,0,0,0,0,0,0,0,0,0,0,2342,2,0,0,12
298,https://contains-stip-resoolv-an-terms.github.io,1,1,3,2,6,0,0,0,0,0,0,0,0,0,0,9115,5,0,0,21
299,https://content-autofill.googleapis.com,0,1,3,3,6,0,0,0,0,0,0,0,0,0,0,1561,1,0,0,13
300,https://coveritup.com,0,1,2,3,6,0,0,0,0,0,0,0,0,0,0,337384,139,0,0,2269
301,https://cropa.org.br,1,1,3,2,6,0,0,0,0,0,0,0,0,0,0,226,0,0,0,5
302,https://data.world,0,1,2,5,6,0,0,0,0,0,0,0,0,0,0,134022,156,0,1,896
303,https://dataanalyticsireland.ie,0,1,2,2,6,0,0,0,0,0,0,0,0,0,0,144638,66,0,0,405
304,https://dateupdatenotice.weebly.com,1,1,3,3,6,0,0,0,0,0,0,0,0,0,0,3909,2,0,0,21
305,https://davidpiesse.github.io,0,1,3,2,6,0,0,0,0,0,0,0,0,0,0,103,0,0,0,4
306,https://decentralizedcryptosolutions.netlify.app,1,1,3,3,6,0,0,0,0,0,0,0,0,0,0,50,0,0,0,0
307,https://developer.arm.com,0,1,3,3,6,0,0,0,0,0,0,0,0,0,0,134766,9,0,0,254
308,https://developer.mozilla.org,0,1,3,3,6,0,0,0,0,0,0,0,0,0,0,46926,89,0,0,678
309,https://devices.netflix.com,0,1,3,3,6,0,0,0,0,0,0,0,0,0,0,1149966,3432,0,0,4676
310,https://devpractical.com,0,1,2,3,6,0,0,0,0,0,0,0,0,0,0,13888,37,0,0,165
311,https://dhl.3204.thebagshelf.com,1,1,4,3,6,0,0,0,0,0,0,0,0,0,4,0,0,0,0,0
312,https://digicert.com,0,1,2,3,6,0,0,0,0,0,0,0,0,0,0,127008,263,0,1,1440
313,https://discord.com,0,1,2,3,6,0,0,0,0,0,0,0,0,0,0,44190,45,0,1,245
314,https://distribuzionemerci.azurewebsites.net,1,1,3,3,6,0,0,0,0,0,0,0,0,0,0,2342,2,0,0,12
315,https://docs.google.com,1,1,3,3,6,0,0,0,0,0,0,0,0,0,0,584997,6,0,0,171
316,https://docs.google.com,0,1,3,3,6,0,0,0,0,0,0,0,0,0,0,587067,6,0,0,171
317,https://docs.google.com,1,1,3,3,6,0,0,0,0,0,0,0,0,0,0,585163,6,0,0,171
318,https://docs.google.com,1,1,3,3,6,0,0,0,0,0,0,0,0,0,0,585103,6,0,0,171
319,https://docs.google.com,0,1,3,3,6,0,0,0,0,0,0,0,0,0,0,587366,6,0,0,171
320,https://docs.google.com,1,1,3,3,6,0,0,0,0,0,0,0,0,0,0,600808,6,0,0,171
321,https://docs.google.com,1,1,3,3,6,0,0,0,0,0,0,0,0,0,0,587353,6,0,0,171
322,https://docs.google.com,1,1,3,3,6,0,0,0,0,0,0,0,0,0,0,587080,6,0,0,171
323,https://docs.google.com,1,1,3,3,6,0,0,0,0,0,0,0,0,0,0,587383,6,0,0,171
324,https://docs.google.com,1,1,3,3,6,0,0,0,0,0,0,0,0,0,0,587183,6,0,0,171
325,https://docs.google.com,1,1,3,3,6,0,0,0,0,0,0,0,0,0,0,587026,6,0,0,171
326,https://docs.google.com,1,1,3,3,6,0,0,0,0,0,0,0,0,0,0,587466,6,0,0,171
327,https://docs.google.com,1,1,3,3,6,0,0,0,0,0,0,0,0,0,0,600881,6,0,0,171
328,https://docs.google.com,1,1,3,3,6,0,0,0,0,0,0,0,0,0,0,600977,6,0,0,171
329,https://docs.google.com,1,1,3,3,6,0,0,0,0,0,0,0,0,0,0,600913,6,0,0,171
330,https://docs.google.com,1,1,3,3,6,0,0,0,0,0,0,0,0,0,0,587354,6,0,0,171
331,https://doubleclick.net,0,1,2,3,6,0,0,0,0,0,0,0,0,0,0,124693,85,0,1,834
332,https://drive.google.com,0,1,3,3,6,0,0,0,0,0,0,0,0,0,0,601158,6,0,0,171
333,https://e-proximus.weebly.com,1,1,3,3,6,0,0,0,0,0,0,0,0,0,0,3909,2,0,0,21
334,https://e100285-102986.square.site,1,1,3,4,6,0,0,0,0,0,0,0,0,0,11,1568,1,0,0,10
335,https://ecs.office.com,0,1,3,3,6,0,0,0,0,0,0,0,0,0,0,194,0,0,0,2
336,https://edge.microsoft.com,0,1,3,3,6,0,0,0,0,0,0,0,0,0,0,194,0,0,0,2
337,https://edge.skype.com,0,1,3,3,6,0,0,0,0,0,0,0,0,0,0,194,0,0,0,2
338,https://edu.google.com,0,1,3,3,6,0,0,0,0,0,0,0,0,0,0,401644,240,0,1,2027
339,https://egateway.chennai.vit.ac.in,0,1,5,2,6,0,0,0,0,0,0,0,0,0,0,54980,84,0,0,454
340,https://elmopio.com,1,1,2,3,6,0,0,0,0,0,0,0,0,0,0,226,0,0,0,5
341,https://emu8086-microprocessor-emulator.en.softonic.com,0,1,4,3,6,0,0,0,0,0,0,0,0,0,4,330654,290,0,1,2088
342,https://en.bab.la,0,1,3,2,6,0,0,0,0,0,0,0,0,0,0,6011,1,0,0,47
343,https://en.m.wikipedia.org,0,1,4,3,6,0,0,0,0,0,0,0,0,0,0,88548,285,0,0,988
344,https://en.softonic.com,0,1,3,3,6,0,0,0,0,0,0,0,0,0,0,442322,632,0,1,4069
345,https://esaindia.com,0,1,2,3,6,0,0,0,0,0,0,0,0,0,0,79295,117,0,0,655
346,https://euruiet3r.wixsite.com,1,1,3,3,6,0,0,0,0,0,0,0,0,0,1,2935,1,0,0,26
347,https://expressjs.com,0,1,2,3,6,0,0,0,0,0,0,0,0,0,0,9001,76,0,0,204
348,https://facebook.com,0,1,2,3,6,0,0,0,0,0,0,0,0,0,0,69400,46,0,0,194
349,https://fandomwire.com,0,1,2,3,6,0,0,0,0,0,0,0,0,0,0,318018,165,0,0,986
350,https://fast.com,0,1,2,3,6,0,0,0,0,0,0,0,0,0,0,25888,40,0,0,242
351,https://fbcdn.net,0,1,2,3,6,0,0,0,0,0,0,0,0,0,0,69134,46,0,0,194
352,https://flask.palletsprojects.com,0,1,3,3,6,0,0,0,0,0,0,0,0,0,0,39324,302,0,0,701
353,https://flowbite.com,0,1,2,3,6,0,0,0,0,0,0,0,0,0,0,7674,0,0,0,33
354,https://fonts.googleapis.com,0,1,3,3,6,0,0,0,0,0,0,0,0,0,0,1611,1,0,0,13
355,https://forms.office.com,0,1,3,3,6,0,0,0,0,0,0,0,0,0,0,38875,0,0,1,33
356,https://ftl.netflix.com,0,1,3,3,6,0,0,0,0,0,0,0,0,0,0,431,0,0,0,6
357,https://gaonlibagaliarlo.webcindario.com,1,1,3,3,6,0,0,0,0,0,0,0,0,0,0,2658,1,0,1,19
358,https://gaonlibagaliarlo.webcindario.com,0,1,3,3,6,0,0,0,0,0,0,0,0,0,0,2658,1,0,1,19
359,https://gateway.icloud.com,0,1,3,3,6,0,0,0,0,0,0,0,0,0,0,0,0,0,0,0
360,https://gateway.ipfs.io,1,1,3,2,6,0,0,0,0,0,0,0,0,0,0,85932,69,0,0,842
361,https://gateway.ipfs.io,1,1,3,2,6,0,0,0,0,0,0,0,0,0,0,85932,69,0,0,842
362,https://gateway.ipfs.io,1,1,3,2,6,0,0,0,0,0,0,0,0,0,0,85932,69,0,0,842
363,https://gateway.ipfs.io,1,1,3,2,6,0,0,0,0,0,0,0,0,0,0,85932,69,0,0,842
364,https://gateway.ipfs.io,1,1,3,2,6,0,0,0,0,0,0,0,0,0,0,85932,69,0,0,842
365,https://gateway.ipfs.io,1,1,3,2,6,0,0,0,0,0,0,0,0,0,0,85932,69,0,0,842
366,https://gateway.ipfs.io,1,1,3,2,6,0,0,0,0,0,0,0,0,0,0,85932,69,0,0,842
367,https://gateway.ipfs.io,1,1,3,2,6,0,0,0,0,0,0,0,0,0,0,85932,69,0,0,842
368,https://gateway.ipfs.io,1,1,3,2,6,0,0,0,0,0,0,0,0,0,0,85932,69,0,0,842
369,https://gateway.ipfs.io,1,1,3,2,6,0,0,0,0,0,0,0,0,0,0,85932,69,0,0,842
370,https://gateway.ipfs.io,1,1,3,2,6,0,0,0,0,0,0,0,0,0,0,85932,69,0,0,842
371,https://gds.google.com,0,1,3,3,6,0,0,0,0,0,0,0,0,0,0,1561,1,0,0,13
372,https://gem.gov.in,0,1,3,2,6,0,0,0,0,0,0,0,0,0,0,139691,301,0,0,1295
373,https://github.com,0,1,2,3,6,0,0,0,0,0,0,0,0,0,0,239672,111,0,0,1648
374,https://globalonlinesolutions.net,1,1,2,3,6,0,0,0,0,0,0,0,0,0,0,7604,1,0,0,20
375,https://google-analytics.com,0,1,2,3,6,0,0,0,0,0,0,0,0,0,0,117542,70,0,1,829
376,https://google.com,0,1,2,3,6,0,0,0,0,0,0,0,0,0,0,20402,27,0,0,93
377,https://googleads.g.doubleclick.net,0,1,4,3,6,0,0,0,0,0,0,0,0,0,0,124693,85,0,1,834
378,https://googleadservices.com,0,1,2,3,6,0,0,0,0,0,0,0,0,0,0,1561,1,0,0,13
379,https://googlesyndication.com,0,1,2,3,6,0,0,0,0,0,0,0,0,0,0,20272,27,0,0,93
380,https://googletagmanager.com,0,1,2,3,6,0,0,0,0,0,0,0,0,0,0,1555,1,0,0,12
381,https://graph.facebook.com,0,1,3,3,6,0,0,0,0,0,0,0,0,0,0,241,0,0,0,0
382,https://graph.microsoft.com,0,1,3,3,6,0,0,0,0,0,0,0,0,0,0,102646,147,0,0,653
383,https://gravitas.vit.ac.in,0,1,4,2,6,0,0,0,0,0,0,0,0,0,0,113892,21,0,1,438
384,https://gs-loc.apple.com,0,1,3,3,6,0,0,0,0,0,0,0,0,0,0,9,0,0,0,0
385,https://gsp-ssl.ls.apple.com,0,1,4,3,6,0,0,0,0,0,0,0,0,0,0,118,0,0,0,6
386,https://happycoding.io,0,1,2,2,6,0,0,0,0,0,0,0,0,0,0,22352,84,0,1,309
387,https://harishprojects.com,0,1,2,3,6,0,0,0,0,0,0,0,0,0,0,230554,302,0,0,1670
388,https://help.netflix.com,0,1,3,3,6,0,0,0,0,0,0,0,0,0,0,29607,28,0,0,160
389,https://hinative.com,0,1,2,3,6,0,0,0,0,0,0,0,0,0,0,2037,0,0,0,14
390,https://htmlcolorcodes.com,0,1,2,3,6,0,0,0,0,0,0,0,0,0,0,150100,105,0,0,1267
391,https://hubertcohen29.wixsite.com,1,1,3,3,6,0,0,0,0,0,0,0,0,0,1,2935,1,0,0,26
392,https://i.ytimg.com,0,1,3,3,6,0,0,0,0,0,0,0,0,0,0,1097,0,0,0,0
393,https://icloud.com,0,1,2,3,6,0,0,0,0,0,0,0,0,0,0,208953,0,0,0,54
394,https://id.elsevier.com,0,1,3,3,6,0,0,0,0,0,0,0,0,0,0,16018,10,0,1,80
395,https://ieeeaccess.ieee.org,0,1,3,3,6,0,0,0,0,0,0,0,0,0,0,146,0,0,0,8
396,https://ieeexplore-ieee-org.egateway.chennai.vit.ac.in,0,1,6,2,6,0,0,0,0,0,0,0,0,0,0,16,0,0,0,2
397,https://ieeexplore.ieee.org,0,1,3,3,6,0,0,0,0,0,0,0,0,0,0,245,1,0,0,9
398,https://iln.ieee.org,0,1,3,3,6,0,0,0,0,0,0,0,0,0,0,342,0,0,0,5
399,https://imgur.io,0,1,2,2,6,0,0,0,0,0,0,0,0,0,0,7428,0,0,0,70
400,https://in.linkedin.com,0,1,3,3,6,0,0,0,0,0,0,0,0,0,0,122552,132,0,1,683
401,https://infura-ipfs.io,1,1,2,2,6,0,0,0,0,0,0,0,0,0,0,12,0,0,0,0
402,https://infura-ipfs.io,1,1,2,2,6,0,0,0,0,0,0,0,0,0,0,12,0,0,0,0
403,https://infura-ipfs.io,1,1,2,2,6,0,0,0,0,0,0,0,0,0,0,12,0,0,0,0
404,https://infura-ipfs.io,1,1,2,2,6,0,0,0,0,0,0,0,0,0,0,12,0,0,0,0
405,https://infura-ipfs.io,1,1,2,2,6,0,0,0,0,0,0,0,0,0,0,12,0,0,0,0
406,https://infura-ipfs.io,1,1,2,2,6,0,0,0,0,0,0,0,0,0,0,12,0,0,0,0
407,https://infura-ipfs.io,1,1,2,2,6,0,0,0,0,0,0,0,0,0,0,12,0,0,0,0
408,https://infura-ipfs.io,1,1,2,2,6,0,0,0,0,0,0,0,0,0,0,12,0,0,0,0
409,https://init.itunes.apple.com,0,1,4,3,6,0,0,0,0,0,0,0,0,0,0,0,0,0,0,0
410,https://innovate.ieee.org,0,1,3,3,6,0,0,0,0,0,0,0,0,0,0,146,0,0,0,8
411,https://instagram.com,0,1,2,3,6,0,0,0,0,0,0,0,0,0,0,367964,0,0,0,184
412,https://ipfs.eth.aragon.network,1,1,4,7,6,0,0,0,0,0,0,0,0,0,0,56,0,0,0,0
413,https://ipfs.eth.aragon.network,1,1,4,7,6,0,0,0,0,0,0,0,0,0,0,56,0,0,0,0
414,https://ipfs.eth.aragon.network,1,1,4,7,6,0,0,0,0,0,0,0,0,0,0,56,0,0,0,0
415,https://ipfs.eth.aragon.network,1,1,4,7,6,0,0,0,0,0,0,0,0,0,0,56,0,0,0,0
416,https://ipfs.eth.aragon.network,1,1,4,7,6,0,0,0,0,0,0,0,0,0,0,56,0,0,0,0
417,https://ipfs.eth.aragon.network,1,1,4,7,6,0,0,0,0,0,0,0,0,0,0,56,0,0,0,0
418,https://ipfs.eth.aragon.network,1,1,4,7,6,0,0,0,0,0,0,0,0,0,0,56,0,0,0,0
419,https://ipfs.eth.aragon.network,1,1,4,7,6,0,0,0,0,0,0,0,0,0,0,56,0,0,0,0
420,https://ipfs.eth.aragon.network,1,1,4,7,6,0,0,0,0,0,0,0,0,0,0,56,0,0,0,0
421,https://ipfs.eth.aragon.network,1,1,4,7,6,0,0,0,0,0,0,0,0,0,0,56,0,0,0,0
422,https://ipfs.eth.aragon.network,1,1,4,7,6,0,0,0,0,0,0,0,0,0,0,56,0,0,0,0
423,https://ipfs.eth.aragon.network,1,1,4,7,6,0,0,0,0,0,0,0,0,0,0,56,0,0,0,0
424,https://ipfs.eth.aragon.network,1,1,4,7,6,0,0,0,0,0,0,0,0,0,0,56,0,0,0,0
425,https://ipfs.eth.aragon.network,1,1,4,7,6,0,0,0,0,0,0,0,0,0,0,56,0,0,0,0
426,https://ipfs.io,1,1,2,2,6,0,0,0,0,0,0,0,0,0,0,85932,69,0,0,842
427,https://ipfs.io,1,1,2,2,6,0,0,0,0,0,0,0,0,0,0,85932,69,0,0,842
428,https://ipfs.io,1,1,2,2,6,0,0,0,0,0,0,0,0,0,0,85932,69,0,0,842
429,https://ipfs.io,1,1,2,2,6,0,0,0,0,0,0,0,0,0,0,85932,69,0,0,842
430,https://ipfs.io,1,1,2,2,6,0,0,0,0,0,0,0,0,0,0,85932,69,0,0,842
431,https://ipfs.io,1,1,2,2,6,0,0,0,0,0,0,0,0,0,0,85932,69,0,0,842
432,https://ipfs.io,1,1,2,2,6,0,0,0,0,0,0,0,0,0,0,85932,69,0,0,842
433,https://ipfs.io,1,1,2,2,6,0,0,0,0,0,0,0,0,0,0,85932,69,0,0,842
434,https://ipfs.io,1,1,2,2,6,0,0,0,0,0,0,0,0,0,0,85932,69,0,0,842
435,https://ipfs.io,1,1,2,2,6,0,0,0,0,0,0,0,0,0,0,85932,69,0,0,842
436,https://ipfs.io,1,1,2,2,6,0,0,0,0,0,0,0,0,0,0,85932,69,0,0,842
437,https://ipfs.io,1,1,2,2,6,0,0,0,0,0,0,0,0,0,0,85932,69,0,0,842
438,https://ipfs.io,1,1,2,2,6,0,0,0,0,0,0,0,0,0,0,85932,69,0,0,842
439,https://ipfs.io,1,1,2,2,6,0,0,0,0,0,0,0,0,0,0,85932,69,0,0,842
440,https://ipfs.io,1,1,2,2,6,0,0,0,0,0,0,0,0,0,0,85932,69,0,0,842
441,https://ipfs.io,1,1,2,2,6,0,0,0,0,0,0,0,0,0,0,85932,69,0,0,842
442,https://ipfs.io,1,1,2,2,6,0,0,0,0,0,0,0,0,0,0,85932,69,0,0,842
443,https://ipfs.io,1,1,2,2,6,0,0,0,0,0,0,0,0,0,0,85932,69,0,0,842
444,https://ipfs.io,1,1,2,2,6,0,0,0,0,0,0,0,0,0,0,85932,69,0,0,842
445,https://ipfs.io,1,1,2,2,6,0,0,0,0,0,0,0,0,0,0,85932,69,0,0,842
446,https://ipfs.io,1,1,2,2,6,0,0,0,0,0,0,0,0,0,0,85932,69,0,0,842
447,https://ipfs.io,1,1,2,2,6,0,0,0,0,0,0,0,0,0,0,85932,69,0,0,842
448,https://ipfs.io,1,1,2,2,6,0,0,0,0,0,0,0,0,0,0,85932,69,0,0,842
449,https://itunes.apple.com,0,1,3,3,6,0,0,0,0,0,0,0,0,0,0,131641,103,0,0,779
450,https://javatutoring.com,0,1,2,3,6,0,0,0,0,0,0,0,0,0,0,98892,255,0,0,754
451,https://jkttps3a2f2foidcidpcloginattcom2fmga2fsps2fo.weeblysite.com,1,1,3,3,6,0,0,0,0,0,0,0,0,0,6,1568,1,0,0,10
452,https://lbb.in,0,1,2,2,6,0,0,0,0,0,0,0,0,0,0,242242,5,0,0,308
453,https://learn.microsoft.com,0,1,3,3,6,0,0,0,0,0,0,0,0,0,0,40534,36,0,0,407
454,https://lencr.org,0,1,2,3,6,0,0,0,0,0,0,0,0,0,0,23349,72,0,1,246
455,https://lh3.googleusercontent.com,0,1,3,3,6,0,0,0,0,0,0,0,0,0,1,1555,1,0,0,12
456,https://lh5.googleusercontent.com,0,1,3,3,6,0,0,0,0,0,0,0,0,0,1,1555,1,0,0,12
457,https://live.com,0,1,2,3,6,0,0,0,0,0,0,0,0,0,0,1020,1,0,0,13
458,https://ln.run,1,1,2,3,6,0,0,0,0,0,0,0,0,0,0,71495,52,0,0,782
459,https://localservices.parentcircle.com,0,1,3,3,6,0,0,0,0,0,0,0,0,0,0,66123,77,0,1,554
460,https://login-screen-107740.weeblysite.com,1,1,3,3,6,0,0,0,0,0,0,0,0,0,6,1568,1,0,0,10
461,https://login-screen-107740.weeblysite.com,0,1,3,3,6,0,0,0,0,0,0,0,0,0,6,1568,1,0,0,10
462,https://login.live.com,0,1,3,3,6,0,0,0,0,0,0,0,0,0,0,25615,0,0,0,47
463,https://login.live.com,0,1,3,3,6,0,0,0,0,0,0,0,0,0,0,25663,0,0,0,47
464,https://login.microsoftonline.com,0,1,3,3,6,0,0,0,0,0,0,0,0,0,0,41199,0,0,0,32
465,https://login.microsoftonline.com,0,1,3,3,6,0,0,0,0,0,0,0,0,0,0,41257,0,0,0,32
466,https://lookup.icann.org,0,1,3,3,6,0,0,0,0,0,0,0,0,0,0,1632,0,0,0,18
467,https://loyalty.airindia.com,0,1,3,3,6,0,0,0,0,0,0,0,0,0,0,99456,125,0,1,633
468,https://ltts.techgium.com,0,1,3,3,6,0,0,0,0,0,0,0,0,0,0,238146,37,0,0,2288
469,https://m-timesofindia-com.cdn.ampproject.org,0,1,4,3,6,0,0,0,0,0,0,0,0,0,0,1561,1,0,0,13
470,https://m.facebook.com,0,1,3,3,6,0,0,0,0,0,0,0,0,0,0,13089,2,0,0,104
471,https://machinelearningmastery.com,0,1,2,3,6,0,0,0,0,0,0,0,0,0,0,5799,0,0,0,18
472,https://mail.google.com,0,1,3,3,6,0,0,0,0,0,0,0,0,0,0,587524,6,0,0,171
473,https://mail.google.com,0,1,3,3,6,0,0,0,0,0,0,0,0,0,0,587539,6,0,0,171
474,https://manage.microsoft.com,0,1,3,3,6,0,0,0,0,0,0,0,0,0,0,46105,0,0,0,6
475,https://manage.whois.com,0,1,3,3,6,0,0,0,0,0,0,0,0,0,0,5669,0,0,0,18
476,https://matiterusttps.000webhostapp.com,1,1,3,3,6,0,0,0,0,0,0,0,0,0,3,20474,6,0,0,54
477,https://medium.com,0,1,2,3,6,0,0,0,0,0,0,0,0,0,0,125759,111,0,0,869
478,https://meet.google.com,0,1,3,3,6,0,0,0,0,0,0,0,0,0,0,4157,0,0,0,31
479,https://messagerie68.godaddysites.com,1,1,3,3,6,0,0,0,0,0,0,0,0,0,2,964,0,0,0,19
480,https://mesu.apple.com,0,1,3,3,6,0,0,0,0,0,0,0,0,0,0,243,0,0,0,5
481,https://meta-mask-restore.webflow.io,1,1,3,2,6,0,0,0,0,0,0,0,0,0,0,908,0,0,0,17
482,https://microsoft.com,0,1,2,3,6,0,0,0,0,0,0,0,0,0,0,1020,1,0,0,13
483,https://mkp.gem.gov.in,0,1,4,2,6,0,0,0,0,0,0,0,0,0,0,123630,272,0,0,1124
484,https://mobile.events.data.microsoft.com,0,1,5,3,6,0,0,0,0,0,0,0,0,0,0,0,0,0,0,0
485,https://monishramba.github.io,0,1,3,2,6,0,0,0,0,0,0,0,0,0,0,9115,5,0,0,21
486,https://movie-web.app,0,1,2,3,6,0,0,0,0,0,0,0,0,0,0,1777,0,0,0,26
487,https://msn.com,0,1,2,3,6,0,0,0,0,0,0,0,0,0,0,38131,0,0,0,37
488,https://muddyfirsthandloops.gabrielysramire.repl.co,1,1,4,2,6,0,0,0,0,0,0,0,0,0,0,6771,1,0,0,36
489,https://myaccount.google.com,0,1,3,3,6,0,0,0,0,0,0,0,0,0,0,87373,30,0,0,552
490,https://myaccount.nytimes.com,0,1,3,3,6,0,0,0,0,0,0,0,0,0,0,582,0,0,0,8
491,https://myactivity.google.com,0,1,3,3,6,0,0,0,0,0,0,0,0,0,0,241687,8,0,0,98
492,https://myanimelist.net,0,1,2,3,6,0,0,0,0,0,0,0,0,0,0,195028,436,0,1,1757
493,https://negativescalyfactorial--vohacaf321.repl.co,1,1,3,2,6,0,0,0,0,0,0,0,0,0,3,6771,1,0,0,36
494,https://neptune.ai,0,1,2,2,6,0,0,0,0,0,0,0,0,0,0,343149,219,0,1,1572
495,https://netflix.com,0,1,2,3,6,0,0,0,0,0,0,0,0,0,0,417555,17,0,0,405
496,https://new.express.adobe.com,1,1,4,3,6,0,0,0,0,0,0,0,0,0,0,59142,0,0,0,41
497,https://new.express.adobe.com,1,1,4,3,6,0,0,0,0,0,0,0,0,0,0,59142,0,0,0,41
498,https://new.express.adobe.com,1,1,4,3,6,0,0,0,0,0,0,0,0,0,0,59119,0,0,0,41
499,https://new2023attupt.square.site,1,1,3,4,6,0,0,0,0,0,0,0,0,0,4,1568,1,0,0,10
500,https://nexusrules.officeapps.live.com,0,1,4,3,6,0,0,0,0,0,0,0,0,0,0,216667,173,0,0,955
501,https://nftstorage.link,1,1,2,4,6,0,0,0,0,0,0,0,0,0,0,27889,7,0,0,215
502,https://nftstorage.link,1,1,2,4,6,0,0,0,0,0,0,0,0,0,0,27889,7,0,0,215
503,https://nftstorage.link,1,1,2,4,6,0,0,0,0,0,0,0,0,0,0,27889,7,0,0,215
504,https://nftstorage.link,1,1,2,4,6,0,0,0,0,0,0,0,0,0,0,27889,7,0,0,215
505,https://nftstorage.link,1,1,2,4,6,0,0,0,0,0,0,0,0,0,0,27889,7,0,0,215
506,https://nftstorage.link,1,1,2,4,6,0,0,0,0,0,0,0,0,0,0,27889,7,0,0,215
507,https://nftstorage.link,1,1,2,4,6,0,0,0,0,0,0,0,0,0,0,27889,7,0,0,215
508,https://nftstorage.link,1,1,2,4,6,0,0,0,0,0,0,0,0,0,0,27889,7,0,0,215
509,https://nftstorage.link,1,1,2,4,6,0,0,0,0,0,0,0,0,0,0,27889,7,0,0,215
510,https://nftstorage.link,1,1,2,4,6,0,0,0,0,0,0,0,0,0,0,27889,7,0,0,215
511,https://nmndgeyrfig.weebly.com,1,1,3,3,6,0,0,0,0,0,0,0,0,0,0,3909,2,0,0,21
512,https://nrdp-ipv6.prod.ftl.netflix.com,0,1,5,3,6,0,0,0,0,0,0,0,0,0,1,431,0,0,0,6
513,https://nrdp.prod.cloud.netflix.com,0,1,5,3,6,0,0,0,0,0,0,0,0,0,0,431,0,0,0,6
514,https://numpy.org,0,1,2,3,6,0,0,0,0,0,0,0,0,0,0,40113,170,0,1,714
515,https://ocsp.pki.goog,0,1,3,4,6,0,0,0,0,0,0,0,0,0,0,1561,1,0,0,13
516,https://ocsp2.apple.com,0,1,3,3,6,0,0,0,0,0,0,0,0,0,1,74,0,0,0,4
517,https://office.com,0,1,2,3,6,0,0,0,0,0,0,0,0,0,0,215299,173,0,0,952
518,https://office365.com,0,1,2,3,6,0,0,0,0,0,0,0,0,0,3,1020,1,0,0,13
519,https://officeapps.live.com,0,1,3,3,6,0,0,0,0,0,0,0,0,0,0,215299,173,0,0,955
520,https://officeclient.microsoft.com,0,1,3,3,6,0,0,0,0,0,0,0,0,0,0,218,0,0,0,0
521,https://ogs.google.com,0,1,3,3,6,0,0,0,0,0,0,0,0,0,0,1561,1,0,0,13
522,https://onecompiler.com,0,1,2,3,6,0,0,0,0,0,0,0,0,0,0,5706,0,0,0,18
523,https://onedrive.live.com,0,1,3,3,6,0,0,0,0,0,0,0,0,0,0,1020,1,0,0,13
524,https://opendns.com,0,1,2,3,6,0,0,0,0,0,0,0,0,0,0,15365,35,0,0,196
525,https://openphish.com,0,1,2,3,6,0,0,0,0,0,0,0,0,0,0,8203,13,0,0,189
526,https://optimizationguide-pa.googleapis.com,0,1,3,3,6,0,0,0,0,0,0,0,0,0,0,1561,1,0,0,13
527,https://outlook.com,0,1,2,3,6,0,0,0,0,0,0,0,0,0,0,1020,1,0,0,13
528,https://outlook.office.com,0,1,3,3,6,0,0,0,0,0,0,0,0,0,0,34829,0,0,0,32
529,https://outlook.office365.com,0,1,3,3,6,0,0,0,0,0,0,0,0,0,3,34993,0,0,0,32
530,https://outstandingshadowychapters--rlrewsguf87.repl.co,1,1,3,2,6,0,0,0,0,0,0,0,0,0,2,6771,1,0,0,36
531,https://outstandingshadowychapters.rlrewsguf87.repl.co,1,1,4,2,6,0,0,0,0,0,0,0,0,0,2,6771,1,0,0,36
532,https://owasp.org,0,1,2,3,6,0,0,0,0,0,0,0,0,0,0,58392,67,0,0,302
533,https://pagead2.googlesyndication.com,0,1,3,3,6,0,0,0,0,0,0,0,0,0,1,1561,1,0,0,13
534,https://pandas.pydata.org,0,1,3,3,6,0,0,0,0,0,0,0,0,0,0,16707,122,0,0,292
535,https://papers.ssrn.com,0,1,3,3,6,0,0,0,0,0,0,0,0,0,0,896824,2,0,0,24
536,https://paypages.payment.amadeus.com,0,1,4,3,6,0,0,0,0,0,0,0,0,0,0,9,0,0,0,0
537,https://pgi.billdesk.com,0,1,3,3,6,0,0,0,0,0,0,0,0,0,0,3778,0,0,0,24
538,https://pki.goog,0,1,2,4,6,0,0,0,0,0,0,0,0,0,0,13156,19,0,1,129
539,https://play.google.com,0,1,3,3,6,0,0,0,0,0,0,0,0,0,0,2348237,130,0,0,3659
540,https://play.google.com,0,1,3,3,6,0,0,0,0,0,0,0,0,0,0,2391940,136,0,0,3246
541,https://play.googleapis.com,0,1,3,3,6,0,0,0,0,0,0,0,0,0,0,1561,1,0,0,13
542,https://popitout.in,0,1,2,2,6,0,0,0,0,0,0,0,0,0,0,310346,83,0,1,787
543,https://presence.teams.microsoft.com,0,1,4,3,6,0,0,0,0,0,0,0,0,0,0,0,0,0,0,0
544,https://push.prod.netflix.com,0,1,4,3,6,0,0,0,0,0,0,0,0,0,0,0,0,0,0,0
545,https://pynative.com,0,1,2,3,6,0,0,0,0,0,0,0,0,0,0,4516,1,0,0,45
546,https://pypi.org,0,1,2,3,6,0,0,0,0,0,0,0,0,0,0,23090,47,0,0,243
547,https://python.plainenglish.io,0,1,3,2,6,0,0,0,0,0,0,0,0,0,0,207817,155,0,0,1249
548,https://q3l.603.myftpupload.com,1,1,4,3,6,0,0,0,0,0,0,0,0,0,4,0,0,0,0,0
549,https://repulsivealienatedseahorse--damarximeh.repl.co,1,1,3,2,6,0,0,0,0,0,0,0,0,0,0,6771,1,0,0,36
550,https://repulsivealienatedseahorse.damarximeh.repl.co,1,1,4,2,6,0,0,0,0,0,0,0,0,0,0,6771,1,0,0,36
551,https://request-restriction-removal.glitch.me,1,1,3,2,6,0,0,0,0,0,0,0,0,0,0,1968,2,0,0,15
552,https://retail.onlinesbi.sbi,0,1,3,3,6,0,0,0,0,0,0,0,0,0,0,67026,187,0,0,673
553,https://roaming.officeapps.live.com,0,1,4,3,6,0,0,0,0,0,0,0,0,0,0,215298,173,0,0,955
554,https://robu.in,0,1,2,2,6,0,0,0,0,0,0,0,0,0,0,6013,0,0,0,19
555,https://rsk-yamal.ru,1,1,2,2,6,0,0,0,0,0,0,0,0,0,0,34817,28,0,0,206
556,https://ru27r897ur.wixsite.com,1,1,3,3,6,0,0,0,0,0,0,0,0,0,4,2935,1,0,0,26
557,https://rubo.in,0,1,2,2,6,0,0,0,0,0,0,0,0,0,0,593,0,0,0,5
558,https://safebrowsing.googleapis.com,0,1,3,3,6,0,0,0,0,0,0,0,0,0,0,1561,1,0,0,13
559,https://saturncloud.io,0,1,2,2,6,0,0,0,0,0,0,0,0,0,0,64322,69,0,0,623
560,https://sb.scorecardresearch.com,0,1,3,3,6,0,0,0,0,0,0,0,0,0,0,79,0,0,0,0
561,https://scikit-learn.org,0,1,2,3,6,0,0,0,0,0,0,0,0,0,0,2058,0,0,0,23
562,https://scorecardresearch.com,0,1,2,3,6,0,0,0,0,0,0,0,0,0,0,19512,23,0,1,126
563,https://screenrant.com,0,1,2,3,6,0,0,0,0,0,0,0,0,0,0,246641,227,0,1,1213
564,https://seaborn.pydata.org,0,1,3,3,6,0,0,0,0,0,0,0,0,0,0,18696,68,0,0,278
565,https://securegw.paytm.in,0,1,3,2,6,0,0,0,0,0,0,0,0,0,0,107,0,0,0,3
566,https://self.events.data.microsoft.com,0,1,5,3,6,0,0,0,0,0,0,0,0,0,0,0,0,0,0,0
567,https://sentry.io,0,1,2,2,6,0,0,0,0,0,0,0,0,0,0,326528,126,0,0,1416
568,https://service-chorusprofacture.hubside.fr,1,1,3,2,6,0,0,0,0,0,0,0,0,0,0,307333,1,0,0,35
569,https://servicio-al-cliente-safiramira099303091.codeanyapp.com,1,1,3,3,6,0,0,0,0,0,0,0,0,0,6,0,0,0,0,0
570,https://sharepoint.com,0,1,2,3,6,0,0,0,0,0,0,0,0,0,0,1020,1,0,0,13
571,https://signaler-pa.clients6.google.com,0,1,4,3,6,0,0,0,0,0,0,0,0,0,1,1561,1,0,0,13
572,https://signinattyahooacct.weeblysite.com,1,1,3,3,6,0,0,0,0,0,0,0,0,0,0,1568,1,0,0,10
573,https://sih.gov.in,0,1,3,2,6,0,0,0,0,0,0,0,0,0,0,177222,129,0,2,1497
574,https://skype.com,0,1,2,3,6,0,0,0,0,0,0,0,0,0,0,95423,108,0,1,658
575,https://smartscreen.microsoft.com,0,1,3,3,6,0,0,0,0,0,0,0,0,0,0,0,0,0,0,0
576,https://sourceforge.net,0,1,2,3,6,0,0,0,0,0,0,0,0,0,0,54027,153,0,0,650
577,https://sparkbyexamples.com,0,1,2,3,6,0,0,0,0,0,0,0,0,0,0,254252,342,0,0,1252
578,https://stackoverflow.com,0,1,2,3,6,0,0,0,0,0,0,0,0,0,0,178930,118,0,0,925
579,https://stats.g.doubleclick.net,0,1,4,3,6,0,0,0,0,0,0,0,0,0,0,117542,70,0,1,829
580,https://stats.stackexchange.com,0,1,3,3,6,0,0,0,0,0,0,0,0,0,0,159255,209,0,0,990
581,https://stephenfollows.com,0,1,2,3,6,0,0,0,0,0,0,0,0,0,0,139,0,0,0,8
582,https://storage.live.com,0,1,3,3,6,0,0,0,0,0,0,0,0,0,0,0,0,0,0,0
583,https://substrate.office.com,0,1,3,3,6,0,0,0,0,0,0,0,0,0,0,34792,0,0,0,32
584,https://sudoku.com,0,1,2,3,6,0,0,0,0,0,0,0,0,0,0,84518,143,0,0,1019
585,https://superuser.com,0,1,2,3,6,0,0,0,0,0,0,0,0,0,0,161735,219,0,0,1018
586,https://swiggy.onelink.me,0,1,3,2,6,0,0,0,0,0,0,0,0,0,0,146,0,0,0,3
587,https://system-108064.square.site,1,1,3,4,6,0,0,0,0,0,0,0,0,0,6,1568,1,0,0,10
588,https://tailwindcolor.com,0,1,2,3,6,0,0,0,0,0,0,0,0,0,0,38447,1,0,0,515
589,https://tailwindcss.com,0,1,2,3,6,0,0,0,0,0,0,0,0,0,0,442462,128,0,1,7470
590,https://taktikz.com,1,1,2,3,6,0,0,0,0,0,0,0,0,0,0,228038,96,0,1,1042
591,https://taplink.cc,1,1,2,2,6,0,0,0,0,0,0,0,0,0,0,6176,2,0,0,91
592,https://taplink.cc,1,1,2,2,6,0,0,0,0,0,0,0,0,0,0,6176,2,0,0,91
593,https://taplink.cc,1,1,2,2,6,0,0,0,0,0,0,0,0,0,0,6176,2,0,0,91
594,https://taplink.cc,1,1,2,2,6,0,0,0,0,0,0,0,0,0,0,6176,2,0,0,91
595,https://tarzanwetnwild.com,1,1,2,3,6,0,0,0,0,0,0,0,0,0,0,699,0,0,0,10
596,https://teams.events.data.microsoft.com,0,1,5,3,6,0,0,0,0,0,0,0,0,0,0,0,0,0,0,0
597,https://teams.microsoft.com,0,1,3,3,6,0,0,0,0,0,0,0,0,0,0,6087,0,0,0,9
598,https://technovit23-git-fork-kushagra102-main-emmanuelallanmj.vercel.app,0,1,3,3,6,0,0,0,0,0,0,0,0,0,5,50287,7,0,0,268
599,https://technovit23-p3tq73wlm-emmanuelallanmj.vercel.app,0,1,3,3,6,0,0,0,0,0,0,0,0,0,5,49092,7,0,0,264
600,https://technovit23.vercel.app,0,1,3,3,6,0,0,0,0,0,0,0,0,0,2,221169,13,0,0,264
601,https://tecse-peru.com,1,1,2,3,6,0,0,0,0,0,0,0,0,0,0,2756,17,0,0,113
602,https://testbook.com,0,1,2,3,6,0,0,0,0,0,0,0,0,0,0,1403040,407,0,0,19
603,https://therivers.co.nz,1,1,3,2,6,0,0,0,0,0,0,0,0,0,0,14235,10,0,0,94
604,https://tinyurl.com,0,1,2,3,6,0,0,0,0,0,0,0,0,0,0,15684,0,0,1,80
605,https://tolocha.com,1,1,2,3,6,0,0,0,0,0,0,0,0,0,0,113014,85,0,16,1134
606,https://toolslick.com,0,1,2,3,6,0,0,0,0,0,0,0,0,0,0,36819,61,0,0,401
607,https://towardsdatascience.com,0,1,2,3,6,0,0,0,0,0,0,0,0,0,0,225026,64,0,0,432
608,https://tpc.googlesyndication.com,0,1,3,3,6,0,0,0,0,0,0,0,0,0,0,1561,1,0,0,13
609,https://travel.airindia.in,0,1,3,2,6,0,0,0,0,0,0,0,0,0,0,58,0,0,0,0
610,https://unmotenlingber.gq,1,1,2,2,6,0,0,0,0,0,0,0,0,0,0,15793,0,0,0,7
611,https://unstop.com,0,1,2,3,6,0,0,0,0,0,0,0,0,0,0,14612,0,0,0,57
612,https://unused-css.com,0,1,2,3,6,0,0,0,0,0,0,0,0,0,0,109629,30,0,0,229
613,https://update.googleapis.com,0,1,3,3,6,0,0,0,0,0,0,0,0,0,0,1561,1,0,0,13
614,https://updatemyattmail.weeblysite.com,1,1,3,3,6,0,0,0,0,0,0,0,0,0,0,1568,1,0,0,10
615,https://upload.fp.measure.office.com,0,1,5,3,6,0,0,0,0,0,0,0,0,0,0,7,0,0,0,0
616,https://v1.tailwindcss.com,0,1,3,3,6,0,0,0,0,0,0,0,0,0,1,108601,161,0,0,1480
617,https://velvetyboilingcommunication--leoandrada.repl.co,1,1,3,2,6,0,0,0,0,0,0,0,0,0,0,6771,1,0,0,36
618,https://verifyaction-info-page2023.taplink.ws,1,1,3,2,6,0,0,0,0,0,0,0,0,0,4,2207,0,0,0,36
619,https://vitdirectory.vit.ac.in,0,1,4,2,6,0,0,0,0,0,0,0,0,0,0,4536,0,0,0,53
620,https://vithelpcenter.vit.ac.in,0,1,4,2,6,0,0,0,0,0,0,0,0,0,0,4448,0,0,0,33
621,https://vtop.vit.ac.in,0,1,4,2,6,0,0,0,0,0,0,0,0,0,0,94,0,0,0,3
622,https://vtop.vitbhopal.ac.in,0,1,4,2,6,0,0,0,0,0,0,0,0,0,0,682,0,0,0,13
623,https://vtopcc.vit.ac.in,0,1,4,2,6,0,0,0,0,0,0,0,0,0,0,31667,21,0,0,284
624,https://vtopcc2.vit.ac.in,0,1,4,2,6,0,0,0,0,0,0,0,0,0,1,0,0,0,0,0
625,https://vtopcc6.vit.ac.in,0,1,4,2,6,0,0,0,0,0,0,0,0,0,1,320181,206,0,0,7023
626,https://vtopchennai.therealsuji.tk,0,1,3,2,6,0,0,0,0,0,0,0,0,0,0,3865,5,0,0,68
627,https://weather-data.apple.com,0,1,3,3,6,0,0,0,0,0,0,0,0,0,0,80,0,0,0,0
628,https://web.facebook.com,0,1,3,3,6,0,0,0,0,0,0,0,0,0,0,67079,46,0,0,195
629,https://webextension.org,0,1,2,3,6,0,0,0,0,0,0,0,0,0,0,35277,96,0,0,434
630,https://whois.whoisxmlapi.com,0,1,3,3,6,0,0,0,0,0,0,0,0,0,0,321257,378,0,0,1390
631,https://windows.com,0,1,2,3,6,0,0,0,0,0,0,0,0,0,0,1020,1,0,0,13
632,https://wisdomml.in,0,1,2,2,6,0,0,0,0,0,0,0,0,0,0,226680,174,0,0,908
633,https://wordleunlimited.org,0,1,2,3,6,0,0,0,0,0,0,0,0,0,0,17640,8,0,0,166
634,https://worthwrap.in,0,1,2,2,6,0,0,0,0,0,0,0,0,0,0,105629,83,0,0,810
635,https://www-hindustantimes-com.cdn.ampproject.org,0,1,4,3,6,0,0,0,0,0,0,0,0,0,0,1561,1,0,0,13
636,https://www-thehindu-com.cdn.ampproject.org,0,1,4,3,6,0,0,0,0,0,0,0,0,0,0,1561,1,0,0,13
637,https://www.airindia.com,0,1,3,3,6,0,0,0,0,0,0,0,0,0,0,134931,145,0,1,890
638,https://www.airindiaexpress.com,0,1,3,3,6,0,0,0,0,0,0,0,0,0,0,12396,0,0,1,43
639,https://www.airvistara.com,0,1,3,3,6,0,0,0,0,0,0,0,0,0,0,919,0,0,0,13
640,https://www.albumoftheyear.org,0,1,3,3,6,0,0,0,0,0,0,0,0,0,0,6110,0,0,0,19
641,https://www.amazon.ca,0,1,3,2,6,0,0,0,0,0,0,0,0,0,0,155906,108,0,0,56
642,https://www.amazon.com,0,1,3,3,6,0,0,0,0,0,0,0,0,0,0,2671,3,0,0,22
643,https://www.amazon.in,0,1,3,2,6,0,0,0,0,0,0,0,0,0,0,165237,123,0,0,644
644,https://www.analyticsvidhya.com,0,1,3,3,6,0,0,0,0,0,0,0,0,0,0,121542,64,0,1,1582
645,https://www.apple.com,0,1,3,3,6,0,0,0,0,0,0,0,0,0,0,243101,113,0,0,757
646,https://www.aqi.in,0,1,3,2,6,0,0,0,0,0,0,0,0,0,0,5987,1,0,0,47
647,https://www.baeldung.com,0,1,3,3,6,0,0,0,0,0,0,0,0,0,0,5669,0,0,0,18
648,https://www.billdesk.com,0,1,3,3,6,0,0,0,0,0,0,0,0,0,0,3778,0,0,0,24
649,https://www.bing.com,0,1,3,3,6,0,0,0,0,0,0,0,0,0,0,5509,7,0,0,60
650,https://www.bluedart.com,0,1,3,3,6,0,0,0,0,0,0,0,0,0,0,254102,185,0,1,1451
651,https://www.bronko.ru,1,1,3,2,6,0,0,0,0,0,0,0,0,0,0,130525,191,0,3,994
652,https://www.cashify.in,0,1,3,2,6,0,0,0,0,0,0,0,0,0,0,1022245,458,0,0,2919
653,https://www.casinobetrug.com,1,1,3,3,6,0,0,0,0,0,0,0,0,0,0,27103,35,0,1,306
654,https://www.cleartrip.com,0,1,3,3,6,0,0,0,0,0,0,0,0,0,0,66721,0,0,1,37
655,https://www.cloudflare.com,0,1,3,3,6,0,0,0,0,0,0,0,0,0,0,348416,126,0,0,1234
656,https://www.codingninjas.com,0,1,3,3,6,0,0,0,0,0,0,0,0,0,0,20569,0,0,1,67
657,https://www.coverscart.com,0,1,3,3,6,0,0,0,0,0,0,0,0,0,0,1349150,2556,0,0,11674
658,https://www.creditagricole.95-214-24-38.cprapid.com,1,1,5,3,6,0,0,0,0,0,0,0,0,0,8,7961,0,0,0,99
659,https://www.croma.com,0,1,3,3,6,0,0,0,0,0,0,0,0,0,0,378779,10,0,0,194
660,https://www.dailyobjects.com,0,1,3,3,6,0,0,0,0,0,0,0,0,0,0,20369,0,0,0,59
661,https://www.dartmouth.edu,0,1,3,3,6,0,0,0,0,0,0,0,0,0,0,218615,144,0,4,1709
662,https://www.duolingo.com,0,1,3,3,6,0,0,0,0,0,0,0,0,0,0,0,0,0,0,0
663,https://www.elsevier.com,0,1,3,3,6,0,0,0,0,0,0,0,0,0,0,130203,115,0,1,579
664,https://www.epicgames.com,0,1,3,3,6,0,0,0,0,0,0,0,0,0,0,29408,0,0,0,34
665,https://www.ezycollege.inventoit.com,1,1,4,3,6,0,0,0,0,0,0,0,0,0,0,7642,1,0,0,20
666,https://www.facebook.com,0,1,3,3,6,0,0,0,0,0,0,0,0,0,0,67043,46,0,0,195
667,https://www.figma.com,0,1,3,3,6,0,0,0,0,0,0,0,0,0,0,258940,129,0,0,704
668,https://www.flintrehab.com,0,1,3,3,6,0,0,0,0,0,0,0,0,0,0,254981,50,0,1,864
669,https://www.flowcode.com,1,1,3,3,6,0,0,0,0,0,0,0,0,0,0,168478,131,0,1,1536
670,https://www.flowcode.com,1,1,3,3,6,0,0,0,0,0,0,0,0,0,0,168478,131,0,1,1536
671,https://www.flowcode.com,1,1,3,3,6,0,0,0,0,0,0,0,0,0,0,168478,131,0,1,1536
672,https://www.forcepoint.com,0,1,3,3,6,0,0,0,0,0,0,0,0,0,0,192266,134,0,0,806
673,https://www.freecodecamp.org,0,1,3,3,6,0,0,0,0,0,0,0,0,0,0,316247,0,0,0,65
674,https://www.geeksforgeeks.org,0,1,3,3,6,0,0,0,0,0,0,0,0,0,0,246076,640,0,0,1857
675,https://www.google-analytics.com,0,1,3,3,6,0,0,0,0,0,0,0,0,0,0,117542,70,0,1,829
676,https://www.google.com,0,1,3,3,6,0,0,0,0,0,0,0,0,0,0,20314,27,0,0,93
677,https://www.google.com,0,1,3,3,6,0,0,0,0,0,0,0,0,0,0,20417,27,0,0,93
678,https://www.googleadservices.com,0,1,3,3,6,0,0,0,0,0,0,0,0,0,0,1561,1,0,0,13
679,https://www.googleapis.com,0,1,3,3,6,0,0,0,0,0,0,0,0,0,0,1561,1,0,0,13
680,https://www.googletagmanager.com,0,1,3,3,6,0,0,0,0,0,0,0,0,0,0,1555,1,0,0,12
681,https://www.grabon.in,0,1,3,2,6,0,0,0,0,0,0,0,0,0,0,191427,142,0,0,907
682,https://www.hackerrank.com,0,1,3,3,6,0,0,0,0,0,0,0,0,0,0,267,0,0,0,6
683,https://www.ibm.com,0,1,3,3,6,0,0,0,0,0,0,0,0,0,0,95306,1,0,0,373
684,https://www.ieee.org,0,1,3,3,6,0,0,0,0,0,0,0,0,0,0,209491,314,0,0,1520
685,https://www.includehelp.com,0,1,3,3,6,0,0,0,0,0,0,0,0,0,0,169620,514,0,0,1529
686,https://www.infoworld.com,0,1,3,3,6,0,0,0,0,0,0,0,0,0,0,136265,190,0,1,844
687,https://www.italki.com,0,1,3,3,6,0,0,0,0,0,0,0,0,0,0,637401,81,0,0,1023
688,https://www.ixigo.com,0,1,3,3,6,0,0,0,0,0,0,0,0,0,0,135437,205,0,1,860
689,https://www.javatpoint.com,0,1,3,3,6,0,0,0,0,0,0,0,0,0,0,148576,917,0,0,2770
690,https://www.juniper.net,0,1,3,3,6,0,0,0,0,0,0,0,0,0,0,374750,394,0,0,1747
691,https://www.kaggle.com,0,1,3,3,6,0,0,0,0,0,0,0,0,0,0,5303,0,0,0,42
692,https://www.keil.arm.com,0,1,4,3,6,0,0,0,0,0,0,0,0,0,0,12566,28,0,1,164
693,https://www.keil.com,0,1,3,3,6,0,0,0,0,0,0,0,0,0,0,25871,98,0,1,337
694,https://www.linkedin.com,0,1,3,3,6,0,0,0,0,0,0,0,0,0,0,122551,132,0,0,4
695,https://www.mangasee123.com,0,1,3,3,6,0,0,0,0,0,0,0,0,0,3,160185,46,0,0,333
696,https://www.mdpi.com,0,1,3,3,6,0,0,0,0,0,0,0,0,0,0,528392,700,0,0,4221
697,https://www.microsoft.com,0,1,3,3,6,0,0,0,0,0,0,0,0,0,0,1020,1,0,0,13
698,https://www.myunidays.com,0,1,3,3,6,0,0,0,0,0,0,0,0,0,0,124518,95,0,0,687
699,https://www.narendradwivedi.org,0,1,3,3,6,0,0,0,0,0,0,0,0,0,0,224319,148,0,0,870
700,https://www.netflix.com,0,1,3,3,6,0,0,0,0,0,0,0,0,0,0,417472,17,0,0,405
701,https://www.nippon.com,0,1,3,3,6,0,0,0,0,0,0,0,0,0,0,30648,26,0,0,296
702,https://www.nytimes.com,0,1,3,3,6,0,0,0,0,0,0,0,0,0,0,667555,155,0,1,1876
703,https://www.office.com,0,1,3,3,6,0,0,0,0,0,0,0,0,0,0,215298,173,0,0,955
704,https://www.onlinesbi.sbi,0,1,3,3,6,0,0,0,0,0,0,0,0,0,0,65411,187,0,0,676
705,https://www.openmp.org,0,1,3,3,6,0,0,0,0,0,0,0,0,0,0,115561,114,0,0,812
706,https://www.parentcircle.com,0,1,3,3,6,0,0,0,0,0,0,0,0,0,0,275131,246,0,1,1052
707,https://www.pgrkam.com,0,1,3,3,6,0,0,0,0,0,0,0,0,0,0,5180,0,0,0,34
708,https://www.phishtank.com,0,1,3,3,6,0,0,0,0,0,0,0,0,0,0,38597,60,0,0,217
709,https://www.programiz.com,0,1,3,3,6,0,0,0,0,0,0,0,0,0,0,109315,167,0,1,895
710,https://www.projectpro.io,0,1,3,2,6,0,0,0,0,0,0,0,0,0,0,245756,196,0,1,1551
711,https://www.pythontutorial.net,0,1,3,3,6,0,0,0,0,0,0,0,0,0,0,226,0,0,0,5
712,https://www.quora.com,0,1,3,3,6,0,0,0,0,0,0,0,0,0,0,146883,0,0,0,61
713,https://www.rapidtables.com,0,1,3,3,6,0,0,0,0,0,0,0,0,0,0,4519,1,0,0,45
714,https://www.redhat.com,0,1,3,3,6,0,0,0,0,0,0,0,0,0,0,160929,382,0,0,1460
715,https://www.reliancedigital.in,0,1,3,2,6,0,0,0,0,0,0,0,0,0,0,1126695,541,0,0,7915
716,https://www.researchgate.net,0,1,3,3,6,0,0,0,0,0,0,0,0,0,0,40598,32,0,1,260
717,https://www.rexegg.com,0,1,3,3,6,0,0,0,0,0,0,0,0,0,0,26927,79,0,0,518
718,https://www.ritrjpm.ac.in,0,1,4,2,6,0,0,0,0,0,0,0,0,0,0,207065,216,0,1,1296
719,https://www.sciencedirect.com,0,1,3,3,6,0,0,0,0,0,0,0,0,0,0,714145,12,0,0,122
720,https://www.scopus.com,0,1,3,3,6,0,0,0,0,0,0,0,0,0,0,4514,1,0,0,45
721,https://www.scrolldroll.com,0,1,3,3,6,0,0,0,0,0,0,0,0,0,0,381975,511,0,0,2367
722,https://www.siammandalay.com,0,1,3,3,6,0,0,0,0,0,0,0,0,0,0,258211,113,0,1,1089
723,https://www.sih.gov.in,0,1,4,2,6,0,0,0,0,0,0,0,0,0,0,178170,129,0,2,1497
724,https://www.simplilearn.com,0,1,3,3,6,0,0,0,0,0,0,0,0,0,0,312022,191,0,0,1358
725,https://www.skillset.com,0,1,3,3,6,0,0,0,0,0,0,0,0,0,0,12204,18,0,1,167
726,https://www.slideshare.net,0,1,3,3,6,0,0,0,0,0,0,0,0,0,0,110018,89,0,0,504
727,https://www.sony-asia.com,0,1,3,3,6,0,0,0,0,0,0,0,0,0,0,184096,81,0,1,883
728,https://www.techtarget.com,0,1,3,3,6,0,0,0,0,0,0,0,0,0,0,1623,0,0,0,10
729,https://www.tecmint.com,0,1,3,3,6,0,0,0,0,0,0,0,0,0,0,124873,172,0,0,793
730,https://www.tensorflow.org,0,1,3,3,6,0,0,0,0,0,0,0,0,0,0,414659,162,0,3,838
731,https://www.thehindu.com,0,1,3,3,6,0,0,0,0,0,0,0,0,0,0,143236,289,0,1,1228
732,https://www.toppr.com,0,1,3,3,6,0,0,0,0,0,0,0,0,0,0,652412,46,0,3,619
733,https://www.trentonsystems.com,0,1,3,3,6,0,0,0,0,0,0,0,0,0,0,144629,217,0,0,1234
734,https://www.tutorialspoint.com,0,1,3,3,6,0,0,0,0,0,0,0,0,0,0,94845,164,0,0,1156
735,https://www.udemy.com,0,1,3,3,6,0,0,0,0,0,0,0,0,0,0,406841,313,0,0,2062
736,https://www.vmware.com,0,1,3,3,6,0,0,0,0,0,0,0,0,0,0,51,0,0,0,2
737,https://www.vpropel.in,0,1,3,2,6,0,0,0,0,0,0,0,0,0,0,3297,5,0,0,39
738,https://www.w3resource.com,0,1,3,3,6,0,0,0,0,0,0,0,0,0,1,115781,237,0,0,481
739,https://www.w3schools.com,0,1,3,3,6,0,0,0,0,0,0,0,0,0,1,358357,673,0,2,1859
740,https://www.whois.com,0,1,3,3,6,0,0,0,0,0,0,0,0,0,0,44729,121,0,0,710
741,https://www.wrapcart.com,0,1,3,3,6,0,0,0,0,0,0,0,0,0,0,1389548,789,0,1,5665
742,https://www.youtube.com,0,1,3,3,6,0,0,0,0,0,0,0,0,0,0,914675,14,0,1,417
743,https://www.youtube.com,0,1,3,3,6,0,0,0,0,0,0,0,0,0,0,915450,14,0,1,417
744,https://www2.keil.com,0,1,3,3,6,0,0,0,0,0,0,0,0,0,1,25871,98,0,1,337
745,https://x1.c.lencr.org,0,1,4,3,6,0,0,0,0,0,0,0,0,0,1,717,0,0,0,0
746,https://xp.apple.com,0,1,3,3,6,0,0,0,0,0,0,0,0,0,0,155,0,0,0,5
747,https://yahoo.com,0,1,2,3,6,0,0,0,0,0,0,0,0,0,0,1340617,335,0,0,2927
748,https://yjdoc2.github.io,0,1,3,2,6,0,0,0,0,0,0,0,0,0,1,207086,12,0,0,207
749,https://youtube.com,0,1,2,3,6,0,0,0,0,0,0,0,0,0,0,787580,14,0,1,417
750,https://yuus.chesiuassol.com,1,1,3,3,6,0,0,0,0,0,0,0,0,0,0,226,0,0,0,5
751,https://yuus.chesiuassol.com,1,1,3,3,6,0,0,0,0,0,0,0,0,0,0,226,0,0,0,5
752,https://zeeeeebeeeem.000webhostapp.com,1,1,3,3,6,0,0,0,0,0,0,0,0,0,3,20474,6,0,0,54
